id,name,recordHolders_0_name,recordHolders_0_country_name,recordHolders_0_country_id,recordHolders_0_active,recordHolders_0_detail,value,recordHolders_1_name,recordHolders_1_country_name,recordHolders_1_country_id,recordHolders_1_active,recordHolders_1_detail,recordHolders_2_name,recordHolders_2_country_name,recordHolders_2_country_id,recordHolders_2_active,recordHolders_2_detail,recordHolders_3_name,recordHolders_3_country_name,recordHolders_3_country_id,recordHolders_3_active,recordHolders_3_detail,recordHolders_4_name,recordHolders_4_country_name,recordHolders_4_country_id,recordHolders_4_active,recordHolders_4_detail,recordHolders_5_name,recordHolders_5_country_name,recordHolders_5_country_id,recordHolders_5_active,recordHolders_5_detail,recordHolders_6_name,recordHolders_6_country_name,recordHolders_6_country_id,recordHolders_6_active,recordHolders_6_detail,recordHolders_7_name,recordHolders_7_country_name,recordHolders_7_country_id,recordHolders_7_active,recordHolders_7_detail,recordHolders_8_name,recordHolders_8_country_name,recordHolders_8_country_id,recordHolders_8_active,recordHolders_8_detail,recordHolders_9_name,recordHolders_9_country_name,recordHolders_9_country_id,recordHolders_9_active,recordHolders_9_detail,recordHolders_10_name,recordHolders_10_country_name,recordHolders_10_country_id,recordHolders_10_active,recordHolders_10_detail,recordHolders_11_name,recordHolders_11_country_name,recordHolders_11_country_id,recordHolders_11_active,recordHolders_11_detail,recordHolders_12_name,recordHolders_12_country_name,recordHolders_12_country_id,recordHolders_12_active,recordHolders_12_detail,recordHolders_13_name,recordHolders_13_country_name,recordHolders_13_country_id,recordHolders_13_active,recordHolders_13_detail,recordHolders_14_name,recordHolders_14_country_name,recordHolders_14_country_id,recordHolders_14_active,recordHolders_14_detail,recordHolders_15_name,recordHolders_15_country_name,recordHolders_15_country_id,recordHolders_15_active,recordHolders_15_detail,recordHolders_16_name,recordHolders_16_country_name,recordHolders_16_country_id,recordHolders_16_active,recordHolders_16_detail,recordHolders_17_name,recordHolders_17_country_name,recordHolders_17_country_id,recordHolders_17_active,recordHolders_17_detail,recordHolders_18_name,recordHolders_18_country_name,recordHolders_18_country_id,recordHolders_18_active,recordHolders_18_detail,recordHolders_19_name,recordHolders_19_country_name,recordHolders_19_country_id,recordHolders_19_active,recordHolders_19_detail,recordHolders_20_name,recordHolders_20_country_name,recordHolders_20_country_id,recordHolders_20_active,recordHolders_20_detail,recordHolders_21_name,recordHolders_21_country_name,recordHolders_21_country_id,recordHolders_21_active,recordHolders_21_detail,recordHolders_22_name,recordHolders_22_country_name,recordHolders_22_country_id,recordHolders_22_active,recordHolders_22_detail,recordHolders_23_name,recordHolders_23_country_name,recordHolders_23_country_id,recordHolders_23_active,recordHolders_23_detail,recordHolders_24_name,recordHolders_24_country_name,recordHolders_24_country_id,recordHolders_24_active,recordHolders_24_detail,recordHolders_25_name,recordHolders_25_country_name,recordHolders_25_country_id,recordHolders_25_active,recordHolders_25_detail,recordHolders_26_name,recordHolders_26_country_name,recordHolders_26_country_id,recordHolders_26_active,recordHolders_26_detail,recordHolders_27_name,recordHolders_27_country_name,recordHolders_27_country_id,recordHolders_27_active,recordHolders_27_detail,recordHolders_28_name,recordHolders_28_country_name,recordHolders_28_country_id,recordHolders_28_active,recordHolders_28_detail,recordHolders_29_name,recordHolders_29_country_name,recordHolders_29_country_id,recordHolders_29_active,recordHolders_29_detail,recordHolders_30_name,recordHolders_30_country_name,recordHolders_30_country_id,recordHolders_30_active,recordHolders_30_detail,recordHolders_31_name,recordHolders_31_country_name,recordHolders_31_country_id,recordHolders_31_active,recordHolders_31_detail,recordHolders_32_name,recordHolders_32_country_name,recordHolders_32_country_id,recordHolders_32_active,recordHolders_32_detail,recordHolders_33_name,recordHolders_33_country_name,recordHolders_33_country_id,recordHolders_33_active,recordHolders_33_detail,recordHolders_34_name,recordHolders_34_country_name,recordHolders_34_country_id,recordHolders_34_active,recordHolders_34_detail,recordHolders_35_name,recordHolders_35_country_name,recordHolders_35_country_id,recordHolders_35_active,recordHolders_35_detail,recordHolders_36_name,recordHolders_36_country_name,recordHolders_36_country_id,recordHolders_36_active,recordHolders_36_detail,recordHolders_37_name,recordHolders_37_country_name,recordHolders_37_country_id,recordHolders_37_active,recordHolders_37_detail,recordHolders_38_name,recordHolders_38_country_name,recordHolders_38_country_id,recordHolders_38_active,recordHolders_38_detail,recordHolders_39_name,recordHolders_39_country_name,recordHolders_39_country_id,recordHolders_39_active,recordHolders_39_detail,recordHolders_40_name,recordHolders_40_country_name,recordHolders_40_country_id,recordHolders_40_active,recordHolders_40_detail,recordHolders_41_name,recordHolders_41_country_name,recordHolders_41_country_id,recordHolders_41_active,recordHolders_41_detail,recordHolders_42_name,recordHolders_42_country_name,recordHolders_42_country_id,recordHolders_42_active,recordHolders_42_detail,recordHolders_43_name,recordHolders_43_country_name,recordHolders_43_country_id,recordHolders_43_active,recordHolders_43_detail,recordHolders_44_name,recordHolders_44_country_name,recordHolders_44_country_id,recordHolders_44_active,recordHolders_44_detail,recordHolders_45_name,recordHolders_45_country_name,recordHolders_45_country_id,recordHolders_45_active,recordHolders_45_detail,recordHolders_46_name,recordHolders_46_country_name,recordHolders_46_country_id,recordHolders_46_active,recordHolders_46_detail,recordHolders_47_name,recordHolders_47_country_name,recordHolders_47_country_id,recordHolders_47_active,recordHolders_47_detail,recordHolders_48_name,recordHolders_48_country_name,recordHolders_48_country_id,recordHolders_48_active,recordHolders_48_detail,recordHolders_49_name,recordHolders_49_country_name,recordHolders_49_country_id,recordHolders_49_active,recordHolders_49_detail,recordHolders_50_name,recordHolders_50_country_name,recordHolders_50_country_id,recordHolders_50_active,recordHolders_50_detail,recordHolders_51_name,recordHolders_51_country_name,recordHolders_51_country_id,recordHolders_51_active,recordHolders_51_detail,recordHolders_52_name,recordHolders_52_country_name,recordHolders_52_country_id,recordHolders_52_active,recordHolders_52_detail,recordHolders_53_name,recordHolders_53_country_name,recordHolders_53_country_id,recordHolders_53_active,recordHolders_53_detail
MatchesWon,Most Matches Won,Jimmy Connors,United States,USA,false,,1275,,,,,,,,,,,,,,,,,,,,,,,,,,,,,,,,,,,,,,,,,,,,,,,,,,,,,,,,,,,,,,,,,,,,,,,,,,,,,,,,,,,,,,,,,,,,,,,,,,,,,,,,,,,,,,,,,,,,,,,,,,,,,,,,,,,,,,,,,,,,,,,,,,,,,,,,,,,,,,,,,,,,,,,,,,,,,,,,,,,,,,,,,,,,,,,,,,,,,,,,,,,,,,,,,,,,,,,,,,,,,,,,,,,,,,,,,,,,,,,,,,,,,,,,,,,,,,,,,,,,,,,,,
GrandSlamMatchesWon,Most Grand Slam Matches Won,Roger Federer,Switzerland,SUI,true,,369,,,,,,,,,,,,,,,,,,,,,,,,,,,,,,,,,,,,,,,,,,,,,,,,,,,,,,,,,,,,,,,,,,,,,,,,,,,,,,,,,,,,,,,,,,,,,,,,,,,,,,,,,,,,,,,,,,,,,,,,,,,,,,,,,,,,,,,,,,,,,,,,,,,,,,,,,,,,,,,,,,,,,,,,,,,,,,,,,,,,,,,,,,,,,,,,,,,,,,,,,,,,,,,,,,,,,,,,,,,,,,,,,,,,,,,,,,,,,,,,,,,,,,,,,,,,,,,,,,,,,,,,,
TourFinalsMatchesWon,Most Tour Finals Matches Won,Roger Federer,Switzerland,SUI,true,,59,,,,,,,,,,,,,,,,,,,,,,,,,,,,,,,,,,,,,,,,,,,,,,,,,,,,,,,,,,,,,,,,,,,,,,,,,,,,,,,,,,,,,,,,,,,,,,,,,,,,,,,,,,,,,,,,,,,,,,,,,,,,,,,,,,,,,,,,,,,,,,,,,,,,,,,,,,,,,,,,,,,,,,,,,,,,,,,,,,,,,,,,,,,,,,,,,,,,,,,,,,,,,,,,,,,,,,,,,,,,,,,,,,,,,,,,,,,,,,,,,,,,,,,,,,,,,,,,,,,,,,,,,
AltFinalsMatchesWon,Most Alternative Tour Finals Matches Won,Rod Laver,Australia,AUS,false,,23,,,,,,,,,,,,,,,,,,,,,,,,,,,,,,,,,,,,,,,,,,,,,,,,,,,,,,,,,,,,,,,,,,,,,,,,,,,,,,,,,,,,,,,,,,,,,,,,,,,,,,,,,,,,,,,,,,,,,,,,,,,,,,,,,,,,,,,,,,,,,,,,,,,,,,,,,,,,,,,,,,,,,,,,,,,,,,,,,,,,,,,,,,,,,,,,,,,,,,,,,,,,,,,,,,,,,,,,,,,,,,,,,,,,,,,,,,,,,,,,,,,,,,,,,,,,,,,,,,,,,,,,,
MastersMatchesWon,Most Masters Matches Won,Rafael Nadal,Spain,ESP,true,,398,,,,,,,,,,,,,,,,,,,,,,,,,,,,,,,,,,,,,,,,,,,,,,,,,,,,,,,,,,,,,,,,,,,,,,,,,,,,,,,,,,,,,,,,,,,,,,,,,,,,,,,,,,,,,,,,,,,,,,,,,,,,,,,,,,,,,,,,,,,,,,,,,,,,,,,,,,,,,,,,,,,,,,,,,,,,,,,,,,,,,,,,,,,,,,,,,,,,,,,,,,,,,,,,,,,,,,,,,,,,,,,,,,,,,,,,,,,,,,,,,,,,,,,,,,,,,,,,,,,,,,,,,
OlympicsMatchesWon,Most Olympics Matches Won,Roger Federer,Switzerland,SUI,true,,13,,,,,,,,,,,,,,,,,,,,,,,,,,,,,,,,,,,,,,,,,,,,,,,,,,,,,,,,,,,,,,,,,,,,,,,,,,,,,,,,,,,,,,,,,,,,,,,,,,,,,,,,,,,,,,,,,,,,,,,,,,,,,,,,,,,,,,,,,,,,,,,,,,,,,,,,,,,,,,,,,,,,,,,,,,,,,,,,,,,,,,,,,,,,,,,,,,,,,,,,,,,,,,,,,,,,,,,,,,,,,,,,,,,,,,,,,,,,,,,,,,,,,,,,,,,,,,,,,,,,,,,,,
ATP500MatchesWon,Most ATP 500/CS Matches Won,Jimmy Connors,United States,USA,false,,241,,,,,,,,,,,,,,,,,,,,,,,,,,,,,,,,,,,,,,,,,,,,,,,,,,,,,,,,,,,,,,,,,,,,,,,,,,,,,,,,,,,,,,,,,,,,,,,,,,,,,,,,,,,,,,,,,,,,,,,,,,,,,,,,,,,,,,,,,,,,,,,,,,,,,,,,,,,,,,,,,,,,,,,,,,,,,,,,,,,,,,,,,,,,,,,,,,,,,,,,,,,,,,,,,,,,,,,,,,,,,,,,,,,,,,,,,,,,,,,,,,,,,,,,,,,,,,,,,,,,,,,,,
ATP250MatchesWon,Most ATP 250/WS Matches Won,Ilie Nastase,Romania,ROU,false,,479,,,,,,,,,,,,,,,,,,,,,,,,,,,,,,,,,,,,,,,,,,,,,,,,,,,,,,,,,,,,,,,,,,,,,,,,,,,,,,,,,,,,,,,,,,,,,,,,,,,,,,,,,,,,,,,,,,,,,,,,,,,,,,,,,,,,,,,,,,,,,,,,,,,,,,,,,,,,,,,,,,,,,,,,,,,,,,,,,,,,,,,,,,,,,,,,,,,,,,,,,,,,,,,,,,,,,,,,,,,,,,,,,,,,,,,,,,,,,,,,,,,,,,,,,,,,,,,,,,,,,,,,,
DavisCupMatchesWon,Most Davis Cup Matches Won,Ilie Nastase,Romania,ROU,false,,71,,,,,,,,,,,,,,,,,,,,,,,,,,,,,,,,,,,,,,,,,,,,,,,,,,,,,,,,,,,,,,,,,,,,,,,,,,,,,,,,,,,,,,,,,,,,,,,,,,,,,,,,,,,,,,,,,,,,,,,,,,,,,,,,,,,,,,,,,,,,,,,,,,,,,,,,,,,,,,,,,,,,,,,,,,,,,,,,,,,,,,,,,,,,,,,,,,,,,,,,,,,,,,,,,,,,,,,,,,,,,,,,,,,,,,,,,,,,,,,,,,,,,,,,,,,,,,,,,,,,,,,,,
BestOf3MatchesWon,Most Best of 3 Matches Won,Jimmy Connors,United States,USA,false,,974,,,,,,,,,,,,,,,,,,,,,,,,,,,,,,,,,,,,,,,,,,,,,,,,,,,,,,,,,,,,,,,,,,,,,,,,,,,,,,,,,,,,,,,,,,,,,,,,,,,,,,,,,,,,,,,,,,,,,,,,,,,,,,,,,,,,,,,,,,,,,,,,,,,,,,,,,,,,,,,,,,,,,,,,,,,,,,,,,,,,,,,,,,,,,,,,,,,,,,,,,,,,,,,,,,,,,,,,,,,,,,,,,,,,,,,,,,,,,,,,,,,,,,,,,,,,,,,,,,,,,,,,,
BestOf5MatchesWon,Most Best of 5 Matches Won,Roger Federer,Switzerland,SUI,true,,424,,,,,,,,,,,,,,,,,,,,,,,,,,,,,,,,,,,,,,,,,,,,,,,,,,,,,,,,,,,,,,,,,,,,,,,,,,,,,,,,,,,,,,,,,,,,,,,,,,,,,,,,,,,,,,,,,,,,,,,,,,,,,,,,,,,,,,,,,,,,,,,,,,,,,,,,,,,,,,,,,,,,,,,,,,,,,,,,,,,,,,,,,,,,,,,,,,,,,,,,,,,,,,,,,,,,,,,,,,,,,,,,,,,,,,,,,,,,,,,,,,,,,,,,,,,,,,,,,,,,,,,,,
HardMatchesWon,Most Hard Matches Won,Roger Federer,Switzerland,SUI,true,,776,,,,,,,,,,,,,,,,,,,,,,,,,,,,,,,,,,,,,,,,,,,,,,,,,,,,,,,,,,,,,,,,,,,,,,,,,,,,,,,,,,,,,,,,,,,,,,,,,,,,,,,,,,,,,,,,,,,,,,,,,,,,,,,,,,,,,,,,,,,,,,,,,,,,,,,,,,,,,,,,,,,,,,,,,,,,,,,,,,,,,,,,,,,,,,,,,,,,,,,,,,,,,,,,,,,,,,,,,,,,,,,,,,,,,,,,,,,,,,,,,,,,,,,,,,,,,,,,,,,,,,,,,
ClayMatchesWon,Most Clay Matches Won,Guillermo Vilas,Argentina,ARG,false,,672,,,,,,,,,,,,,,,,,,,,,,,,,,,,,,,,,,,,,,,,,,,,,,,,,,,,,,,,,,,,,,,,,,,,,,,,,,,,,,,,,,,,,,,,,,,,,,,,,,,,,,,,,,,,,,,,,,,,,,,,,,,,,,,,,,,,,,,,,,,,,,,,,,,,,,,,,,,,,,,,,,,,,,,,,,,,,,,,,,,,,,,,,,,,,,,,,,,,,,,,,,,,,,,,,,,,,,,,,,,,,,,,,,,,,,,,,,,,,,,,,,,,,,,,,,,,,,,,,,,,,,,,,
GrassMatchesWon,Most Grass Matches Won,Roger Federer,Switzerland,SUI,true,,192,,,,,,,,,,,,,,,,,,,,,,,,,,,,,,,,,,,,,,,,,,,,,,,,,,,,,,,,,,,,,,,,,,,,,,,,,,,,,,,,,,,,,,,,,,,,,,,,,,,,,,,,,,,,,,,,,,,,,,,,,,,,,,,,,,,,,,,,,,,,,,,,,,,,,,,,,,,,,,,,,,,,,,,,,,,,,,,,,,,,,,,,,,,,,,,,,,,,,,,,,,,,,,,,,,,,,,,,,,,,,,,,,,,,,,,,,,,,,,,,,,,,,,,,,,,,,,,,,,,,,,,,,
CarpetMatchesWon,Most Carpet Matches Won,Jimmy Connors,United States,USA,false,,365,,,,,,,,,,,,,,,,,,,,,,,,,,,,,,,,,,,,,,,,,,,,,,,,,,,,,,,,,,,,,,,,,,,,,,,,,,,,,,,,,,,,,,,,,,,,,,,,,,,,,,,,,,,,,,,,,,,,,,,,,,,,,,,,,,,,,,,,,,,,,,,,,,,,,,,,,,,,,,,,,,,,,,,,,,,,,,,,,,,,,,,,,,,,,,,,,,,,,,,,,,,,,,,,,,,,,,,,,,,,,,,,,,,,,,,,,,,,,,,,,,,,,,,,,,,,,,,,,,,,,,,,,
OutdoorMatchesWon,Most Outdoor Matches Won,Roger Federer,Switzerland,SUI,true,,976,,,,,,,,,,,,,,,,,,,,,,,,,,,,,,,,,,,,,,,,,,,,,,,,,,,,,,,,,,,,,,,,,,,,,,,,,,,,,,,,,,,,,,,,,,,,,,,,,,,,,,,,,,,,,,,,,,,,,,,,,,,,,,,,,,,,,,,,,,,,,,,,,,,,,,,,,,,,,,,,,,,,,,,,,,,,,,,,,,,,,,,,,,,,,,,,,,,,,,,,,,,,,,,,,,,,,,,,,,,,,,,,,,,,,,,,,,,,,,,,,,,,,,,,,,,,,,,,,,,,,,,,,
IndoorMatchesWon,Most Indoor Matches Won,Jimmy Connors,United States,USA,false,,494,,,,,,,,,,,,,,,,,,,,,,,,,,,,,,,,,,,,,,,,,,,,,,,,,,,,,,,,,,,,,,,,,,,,,,,,,,,,,,,,,,,,,,,,,,,,,,,,,,,,,,,,,,,,,,,,,,,,,,,,,,,,,,,,,,,,,,,,,,,,,,,,,,,,,,,,,,,,,,,,,,,,,,,,,,,,,,,,,,,,,,,,,,,,,,,,,,,,,,,,,,,,,,,,,,,,,,,,,,,,,,,,,,,,,,,,,,,,,,,,,,,,,,,,,,,,,,,,,,,,,,,,,
MatchesVsNo1Won,Most Matches Won Vs No. 1,Rafael Nadal,Spain,ESP,true,,22,,,,,,,,,,,,,,,,,,,,,,,,,,,,,,,,,,,,,,,,,,,,,,,,,,,,,,,,,,,,,,,,,,,,,,,,,,,,,,,,,,,,,,,,,,,,,,,,,,,,,,,,,,,,,,,,,,,,,,,,,,,,,,,,,,,,,,,,,,,,,,,,,,,,,,,,,,,,,,,,,,,,,,,,,,,,,,,,,,,,,,,,,,,,,,,,,,,,,,,,,,,,,,,,,,,,,,,,,,,,,,,,,,,,,,,,,,,,,,,,,,,,,,,,,,,,,,,,,,,,,,,,,
MatchesVsTop5Won,Most Matches Won Vs Top 5,Novak Djokovic,Serbia,SRB,true,,105,,,,,,,,,,,,,,,,,,,,,,,,,,,,,,,,,,,,,,,,,,,,,,,,,,,,,,,,,,,,,,,,,,,,,,,,,,,,,,,,,,,,,,,,,,,,,,,,,,,,,,,,,,,,,,,,,,,,,,,,,,,,,,,,,,,,,,,,,,,,,,,,,,,,,,,,,,,,,,,,,,,,,,,,,,,,,,,,,,,,,,,,,,,,,,,,,,,,,,,,,,,,,,,,,,,,,,,,,,,,,,,,,,,,,,,,,,,,,,,,,,,,,,,,,,,,,,,,,,,,,,,,,
MatchesVsTop10Won,Most Matches Won Vs Top 10,Novak Djokovic,Serbia,SRB,true,223,223,Roger Federer,Switzerland,SUI,true,223,,,,,,,,,,,,,,,,,,,,,,,,,,,,,,,,,,,,,,,,,,,,,,,,,,,,,,,,,,,,,,,,,,,,,,,,,,,,,,,,,,,,,,,,,,,,,,,,,,,,,,,,,,,,,,,,,,,,,,,,,,,,,,,,,,,,,,,,,,,,,,,,,,,,,,,,,,,,,,,,,,,,,,,,,,,,,,,,,,,,,,,,,,,,,,,,,,,,,,,,,,,,,,,,,,,,,,,,,,,,,,,,,,,,,,,,,,,,,,,,,,,,,,,,,,,,,,,,,,,,
SeasonMatchesWon,Most Matches Won in Single Season,Guillermo Vilas,Argentina,ARG,false,1977,133,,,,,,,,,,,,,,,,,,,,,,,,,,,,,,,,,,,,,,,,,,,,,,,,,,,,,,,,,,,,,,,,,,,,,,,,,,,,,,,,,,,,,,,,,,,,,,,,,,,,,,,,,,,,,,,,,,,,,,,,,,,,,,,,,,,,,,,,,,,,,,,,,,,,,,,,,,,,,,,,,,,,,,,,,,,,,,,,,,,,,,,,,,,,,,,,,,,,,,,,,,,,,,,,,,,,,,,,,,,,,,,,,,,,,,,,,,,,,,,,,,,,,,,,,,,,,,,,,,,,,,,,,
SeasonHardMatchesWon,Most Hard Matches Won in Single Season,Roger Federer,Switzerland,SUI,true,2006,59,Novak Djokovic,Serbia,SRB,true,2015,,,,,,,,,,,,,,,,,,,,,,,,,,,,,,,,,,,,,,,,,,,,,,,,,,,,,,,,,,,,,,,,,,,,,,,,,,,,,,,,,,,,,,,,,,,,,,,,,,,,,,,,,,,,,,,,,,,,,,,,,,,,,,,,,,,,,,,,,,,,,,,,,,,,,,,,,,,,,,,,,,,,,,,,,,,,,,,,,,,,,,,,,,,,,,,,,,,,,,,,,,,,,,,,,,,,,,,,,,,,,,,,,,,,,,,,,,,,,,,,,,,,,,,,,,,,,,,,,,,,
SeasonClayMatchesWon,Most Clay Matches Won in Single Season,Guillermo Vilas,Argentina,ARG,false,1977,95,,,,,,,,,,,,,,,,,,,,,,,,,,,,,,,,,,,,,,,,,,,,,,,,,,,,,,,,,,,,,,,,,,,,,,,,,,,,,,,,,,,,,,,,,,,,,,,,,,,,,,,,,,,,,,,,,,,,,,,,,,,,,,,,,,,,,,,,,,,,,,,,,,,,,,,,,,,,,,,,,,,,,,,,,,,,,,,,,,,,,,,,,,,,,,,,,,,,,,,,,,,,,,,,,,,,,,,,,,,,,,,,,,,,,,,,,,,,,,,,,,,,,,,,,,,,,,,,,,,,,,,,,
SeasonGrassMatchesWon,Most Grass Matches Won in Single Season,John Newcombe,Australia,AUS,false,1970,37,,,,,,,,,,,,,,,,,,,,,,,,,,,,,,,,,,,,,,,,,,,,,,,,,,,,,,,,,,,,,,,,,,,,,,,,,,,,,,,,,,,,,,,,,,,,,,,,,,,,,,,,,,,,,,,,,,,,,,,,,,,,,,,,,,,,,,,,,,,,,,,,,,,,,,,,,,,,,,,,,,,,,,,,,,,,,,,,,,,,,,,,,,,,,,,,,,,,,,,,,,,,,,,,,,,,,,,,,,,,,,,,,,,,,,,,,,,,,,,,,,,,,,,,,,,,,,,,,,,,,,,,,
SeasonCarpetMatchesWon,Most Carpet Matches Won in Single Season,John McEnroe,United States,USA,false,1979,50,,,,,,,,,,,,,,,,,,,,,,,,,,,,,,,,,,,,,,,,,,,,,,,,,,,,,,,,,,,,,,,,,,,,,,,,,,,,,,,,,,,,,,,,,,,,,,,,,,,,,,,,,,,,,,,,,,,,,,,,,,,,,,,,,,,,,,,,,,,,,,,,,,,,,,,,,,,,,,,,,,,,,,,,,,,,,,,,,,,,,,,,,,,,,,,,,,,,,,,,,,,,,,,,,,,,,,,,,,,,,,,,,,,,,,,,,,,,,,,,,,,,,,,,,,,,,,,,,,,,,,,,,
SeasonOutdoorMatchesWon,Most Outdoor Matches Won in Single Season,Guillermo Vilas,Argentina,ARG,false,1977,119,,,,,,,,,,,,,,,,,,,,,,,,,,,,,,,,,,,,,,,,,,,,,,,,,,,,,,,,,,,,,,,,,,,,,,,,,,,,,,,,,,,,,,,,,,,,,,,,,,,,,,,,,,,,,,,,,,,,,,,,,,,,,,,,,,,,,,,,,,,,,,,,,,,,,,,,,,,,,,,,,,,,,,,,,,,,,,,,,,,,,,,,,,,,,,,,,,,,,,,,,,,,,,,,,,,,,,,,,,,,,,,,,,,,,,,,,,,,,,,,,,,,,,,,,,,,,,,,,,,,,,,,,
SeasonIndoorMatchesWon,Most Indoor Matches Won in Single Season,Arthur Ashe,United States,USA,false,1975,56,John McEnroe,United States,USA,false,1979,,,,,,,,,,,,,,,,,,,,,,,,,,,,,,,,,,,,,,,,,,,,,,,,,,,,,,,,,,,,,,,,,,,,,,,,,,,,,,,,,,,,,,,,,,,,,,,,,,,,,,,,,,,,,,,,,,,,,,,,,,,,,,,,,,,,,,,,,,,,,,,,,,,,,,,,,,,,,,,,,,,,,,,,,,,,,,,,,,,,,,,,,,,,,,,,,,,,,,,,,,,,,,,,,,,,,,,,,,,,,,,,,,,,,,,,,,,,,,,,,,,,,,,,,,,,,,,,,,,,
SeasonMatchesVsNo1Won,Most Matches Won Vs No. 1 in Single Season,Roy Emerson,Australia,AUS,false,1968,5,Tony Roche,Australia,AUS,false,1969,Novak Djokovic,Serbia,SRB,true,2011,,,,,,,,,,,,,,,,,,,,,,,,,,,,,,,,,,,,,,,,,,,,,,,,,,,,,,,,,,,,,,,,,,,,,,,,,,,,,,,,,,,,,,,,,,,,,,,,,,,,,,,,,,,,,,,,,,,,,,,,,,,,,,,,,,,,,,,,,,,,,,,,,,,,,,,,,,,,,,,,,,,,,,,,,,,,,,,,,,,,,,,,,,,,,,,,,,,,,,,,,,,,,,,,,,,,,,,,,,,,,,,,,,,,,,,,,,,,,,,,,,,,,,,,,,,,,,,
SeasonMatchesVsTop5Won,Most Matches Won Vs Top 5 in Single Season,Rod Laver,Australia,AUS,false,1969,18,,,,,,,,,,,,,,,,,,,,,,,,,,,,,,,,,,,,,,,,,,,,,,,,,,,,,,,,,,,,,,,,,,,,,,,,,,,,,,,,,,,,,,,,,,,,,,,,,,,,,,,,,,,,,,,,,,,,,,,,,,,,,,,,,,,,,,,,,,,,,,,,,,,,,,,,,,,,,,,,,,,,,,,,,,,,,,,,,,,,,,,,,,,,,,,,,,,,,,,,,,,,,,,,,,,,,,,,,,,,,,,,,,,,,,,,,,,,,,,,,,,,,,,,,,,,,,,,,,,,,,,,,
SeasonMatchesVsTop10Won,Most Matches Won Vs Top 10 in Single Season,Rod Laver,Australia,AUS,false,1969,35,,,,,,,,,,,,,,,,,,,,,,,,,,,,,,,,,,,,,,,,,,,,,,,,,,,,,,,,,,,,,,,,,,,,,,,,,,,,,,,,,,,,,,,,,,,,,,,,,,,,,,,,,,,,,,,,,,,,,,,,,,,,,,,,,,,,,,,,,,,,,,,,,,,,,,,,,,,,,,,,,,,,,,,,,,,,,,,,,,,,,,,,,,,,,,,,,,,,,,,,,,,,,,,,,,,,,,,,,,,,,,,,,,,,,,,,,,,,,,,,,,,,,,,,,,,,,,,,,,,,,,,,,
TournamentMatchesWon,Most Matches Won at Single Tournament,Rafael Nadal,Spain,ESP,true,Roland Garros,105,Roger Federer,Switzerland,SUI,true,Wimbledon,,,,,,,,,,,,,,,,,,,,,,,,,,,,,,,,,,,,,,,,,,,,,,,,,,,,,,,,,,,,,,,,,,,,,,,,,,,,,,,,,,,,,,,,,,,,,,,,,,,,,,,,,,,,,,,,,,,,,,,,,,,,,,,,,,,,,,,,,,,,,,,,,,,,,,,,,,,,,,,,,,,,,,,,,,,,,,,,,,,,,,,,,,,,,,,,,,,,,,,,,,,,,,,,,,,,,,,,,,,,,,,,,,,,,,,,,,,,,,,,,,,,,,,,,,,,,,,,,,,,
GrandSlamTournamentMatchesWon,Most Matches Won at Single Grand Slam Tournament,Rafael Nadal,Spain,ESP,true,Roland Garros,105,Roger Federer,Switzerland,SUI,true,Wimbledon,,,,,,,,,,,,,,,,,,,,,,,,,,,,,,,,,,,,,,,,,,,,,,,,,,,,,,,,,,,,,,,,,,,,,,,,,,,,,,,,,,,,,,,,,,,,,,,,,,,,,,,,,,,,,,,,,,,,,,,,,,,,,,,,,,,,,,,,,,,,,,,,,,,,,,,,,,,,,,,,,,,,,,,,,,,,,,,,,,,,,,,,,,,,,,,,,,,,,,,,,,,,,,,,,,,,,,,,,,,,,,,,,,,,,,,,,,,,,,,,,,,,,,,,,,,,,,,,,,,,
MastersTournamentMatchesWon,Most Matches Won at Single Masters Tournament,Rafael Nadal,Spain,ESP,true,Monte Carlo Masters,73,,,,,,,,,,,,,,,,,,,,,,,,,,,,,,,,,,,,,,,,,,,,,,,,,,,,,,,,,,,,,,,,,,,,,,,,,,,,,,,,,,,,,,,,,,,,,,,,,,,,,,,,,,,,,,,,,,,,,,,,,,,,,,,,,,,,,,,,,,,,,,,,,,,,,,,,,,,,,,,,,,,,,,,,,,,,,,,,,,,,,,,,,,,,,,,,,,,,,,,,,,,,,,,,,,,,,,,,,,,,,,,,,,,,,,,,,,,,,,,,,,,,,,,,,,,,,,,,,,,,,,,,,
ATP500TournamentMatchesWon,Most Matches Won at Single ATP 500/CS Tournament,Rafael Nadal,Spain,ESP,true,Barcelona,66,,,,,,,,,,,,,,,,,,,,,,,,,,,,,,,,,,,,,,,,,,,,,,,,,,,,,,,,,,,,,,,,,,,,,,,,,,,,,,,,,,,,,,,,,,,,,,,,,,,,,,,,,,,,,,,,,,,,,,,,,,,,,,,,,,,,,,,,,,,,,,,,,,,,,,,,,,,,,,,,,,,,,,,,,,,,,,,,,,,,,,,,,,,,,,,,,,,,,,,,,,,,,,,,,,,,,,,,,,,,,,,,,,,,,,,,,,,,,,,,,,,,,,,,,,,,,,,,,,,,,,,,,
ATP250TournamentMatchesWon,Most Matches Won at Single ATP 250/WS Tournament,Andre Agassi,United States,USA,false,Berkeley,49,,,,,,,,,,,,,,,,,,,,,,,,,,,,,,,,,,,,,,,,,,,,,,,,,,,,,,,,,,,,,,,,,,,,,,,,,,,,,,,,,,,,,,,,,,,,,,,,,,,,,,,,,,,,,,,,,,,,,,,,,,,,,,,,,,,,,,,,,,,,,,,,,,,,,,,,,,,,,,,,,,,,,,,,,,,,,,,,,,,,,,,,,,,,,,,,,,,,,,,,,,,,,,,,,,,,,,,,,,,,,,,,,,,,,,,,,,,,,,,,,,,,,,,,,,,,,,,,,,,,,,,,,
MatchesVsDifferentPlayersWon,Most Matches Vs Different Players Won,Jimmy Connors,United States,USA,false,,431,,,,,,,,,,,,,,,,,,,,,,,,,,,,,,,,,,,,,,,,,,,,,,,,,,,,,,,,,,,,,,,,,,,,,,,,,,,,,,,,,,,,,,,,,,,,,,,,,,,,,,,,,,,,,,,,,,,,,,,,,,,,,,,,,,,,,,,,,,,,,,,,,,,,,,,,,,,,,,,,,,,,,,,,,,,,,,,,,,,,,,,,,,,,,,,,,,,,,,,,,,,,,,,,,,,,,,,,,,,,,,,,,,,,,,,,,,,,,,,,,,,,,,,,,,,,,,,,,,,,,,,,,
GrandSlamMatchesVsDifferentPlayersWon,Most Grand Slam Matches Vs Different Players Won,Roger Federer,Switzerland,SUI,true,,187,,,,,,,,,,,,,,,,,,,,,,,,,,,,,,,,,,,,,,,,,,,,,,,,,,,,,,,,,,,,,,,,,,,,,,,,,,,,,,,,,,,,,,,,,,,,,,,,,,,,,,,,,,,,,,,,,,,,,,,,,,,,,,,,,,,,,,,,,,,,,,,,,,,,,,,,,,,,,,,,,,,,,,,,,,,,,,,,,,,,,,,,,,,,,,,,,,,,,,,,,,,,,,,,,,,,,,,,,,,,,,,,,,,,,,,,,,,,,,,,,,,,,,,,,,,,,,,,,,,,,,,,,
TourFinalsMatchesVsDifferentPlayersWon,Most Tour Finals Matches Vs Different Players Won,Roger Federer,Switzerland,SUI,true,,36,,,,,,,,,,,,,,,,,,,,,,,,,,,,,,,,,,,,,,,,,,,,,,,,,,,,,,,,,,,,,,,,,,,,,,,,,,,,,,,,,,,,,,,,,,,,,,,,,,,,,,,,,,,,,,,,,,,,,,,,,,,,,,,,,,,,,,,,,,,,,,,,,,,,,,,,,,,,,,,,,,,,,,,,,,,,,,,,,,,,,,,,,,,,,,,,,,,,,,,,,,,,,,,,,,,,,,,,,,,,,,,,,,,,,,,,,,,,,,,,,,,,,,,,,,,,,,,,,,,,,,,,,
MastersMatchesVsDifferentPlayersWon,Most Masters Matches Vs Different Players Won,Jimmy Connors,United States,USA,false,,179,,,,,,,,,,,,,,,,,,,,,,,,,,,,,,,,,,,,,,,,,,,,,,,,,,,,,,,,,,,,,,,,,,,,,,,,,,,,,,,,,,,,,,,,,,,,,,,,,,,,,,,,,,,,,,,,,,,,,,,,,,,,,,,,,,,,,,,,,,,,,,,,,,,,,,,,,,,,,,,,,,,,,,,,,,,,,,,,,,,,,,,,,,,,,,,,,,,,,,,,,,,,,,,,,,,,,,,,,,,,,,,,,,,,,,,,,,,,,,,,,,,,,,,,,,,,,,,,,,,,,,,,,
HardMatchesVsDifferentPlayersWon,Most Hard Matches Vs Different Players Won,Andre Agassi,United States,USA,false,,291,,,,,,,,,,,,,,,,,,,,,,,,,,,,,,,,,,,,,,,,,,,,,,,,,,,,,,,,,,,,,,,,,,,,,,,,,,,,,,,,,,,,,,,,,,,,,,,,,,,,,,,,,,,,,,,,,,,,,,,,,,,,,,,,,,,,,,,,,,,,,,,,,,,,,,,,,,,,,,,,,,,,,,,,,,,,,,,,,,,,,,,,,,,,,,,,,,,,,,,,,,,,,,,,,,,,,,,,,,,,,,,,,,,,,,,,,,,,,,,,,,,,,,,,,,,,,,,,,,,,,,,,,
ClayMatchesVsDifferentPlayersWon,Most Clay Matches Vs Different Players Won,Guillermo Vilas,Argentina,ARG,false,,287,,,,,,,,,,,,,,,,,,,,,,,,,,,,,,,,,,,,,,,,,,,,,,,,,,,,,,,,,,,,,,,,,,,,,,,,,,,,,,,,,,,,,,,,,,,,,,,,,,,,,,,,,,,,,,,,,,,,,,,,,,,,,,,,,,,,,,,,,,,,,,,,,,,,,,,,,,,,,,,,,,,,,,,,,,,,,,,,,,,,,,,,,,,,,,,,,,,,,,,,,,,,,,,,,,,,,,,,,,,,,,,,,,,,,,,,,,,,,,,,,,,,,,,,,,,,,,,,,,,,,,,,,
GrassMatchesVsDifferentPlayersWon,Most Grass Matches Vs Different Players Won,Jimmy Connors,United States,USA,false,,124,,,,,,,,,,,,,,,,,,,,,,,,,,,,,,,,,,,,,,,,,,,,,,,,,,,,,,,,,,,,,,,,,,,,,,,,,,,,,,,,,,,,,,,,,,,,,,,,,,,,,,,,,,,,,,,,,,,,,,,,,,,,,,,,,,,,,,,,,,,,,,,,,,,,,,,,,,,,,,,,,,,,,,,,,,,,,,,,,,,,,,,,,,,,,,,,,,,,,,,,,,,,,,,,,,,,,,,,,,,,,,,,,,,,,,,,,,,,,,,,,,,,,,,,,,,,,,,,,,,,,,,,,
CarpetMatchesVsDifferentPlayersWon,Most Carpet Matches Vs Different Players Won,Jimmy Connors,United States,USA,false,,179,,,,,,,,,,,,,,,,,,,,,,,,,,,,,,,,,,,,,,,,,,,,,,,,,,,,,,,,,,,,,,,,,,,,,,,,,,,,,,,,,,,,,,,,,,,,,,,,,,,,,,,,,,,,,,,,,,,,,,,,,,,,,,,,,,,,,,,,,,,,,,,,,,,,,,,,,,,,,,,,,,,,,,,,,,,,,,,,,,,,,,,,,,,,,,,,,,,,,,,,,,,,,,,,,,,,,,,,,,,,,,,,,,,,,,,,,,,,,,,,,,,,,,,,,,,,,,,,,,,,,,,,,
MatchesWonByRetirement,Most Matches Won by Retirement,Novak Djokovic,Serbia,SRB,true,,26,,,,,,,,,,,,,,,,,,,,,,,,,,,,,,,,,,,,,,,,,,,,,,,,,,,,,,,,,,,,,,,,,,,,,,,,,,,,,,,,,,,,,,,,,,,,,,,,,,,,,,,,,,,,,,,,,,,,,,,,,,,,,,,,,,,,,,,,,,,,,,,,,,,,,,,,,,,,,,,,,,,,,,,,,,,,,,,,,,,,,,,,,,,,,,,,,,,,,,,,,,,,,,,,,,,,,,,,,,,,,,,,,,,,,,,,,,,,,,,,,,,,,,,,,,,,,,,,,,,,,,,,,
MatchesWonByWalkover,Most Matches Won by Walkover,Roger Federer,Switzerland,SUI,true,,14,,,,,,,,,,,,,,,,,,,,,,,,,,,,,,,,,,,,,,,,,,,,,,,,,,,,,,,,,,,,,,,,,,,,,,,,,,,,,,,,,,,,,,,,,,,,,,,,,,,,,,,,,,,,,,,,,,,,,,,,,,,,,,,,,,,,,,,,,,,,,,,,,,,,,,,,,,,,,,,,,,,,,,,,,,,,,,,,,,,,,,,,,,,,,,,,,,,,,,,,,,,,,,,,,,,,,,,,,,,,,,,,,,,,,,,,,,,,,,,,,,,,,,,,,,,,,,,,,,,,,,,,,
MatchesWonByDefaulting,Most Matches Won by Defaulting,Pat Cramer,South Africa,RSA,false,1,1,Brian Gottfried,United States,USA,false,1,Raul Ramirez,Mexico,MEX,false,1,Steve Turner,United States,USA,false,1,Allan Stone,Australia,AUS,false,1,Jan Kodes,Czech Republic,CZE,false,1,Sandy Mayer,United States,USA,false,1,Patrick Proisy,France,FRA,false,1,Arthur Ashe,United States,USA,false,1,John James,Australia,AUS,false,1,John Whitlinger,United States,USA,false,1,Karl Meiler,Germany,GER,false,1,Victor Pecci,Paraguay,PAR,false,1,Roscoe Tanner,United States,USA,false,1,Roy Emerson,Australia,AUS,false,1,Eddie Dibbs,United States,USA,false,1,Mike Fishbach,United States,USA,false,1,Eric Deblicker,France,FRA,false,1,Vijay Amritraj,India,IND,false,1,Gianni Ocleppo,Italy,ITA,false,1,Peter Mcnamara,Australia,AUS,false,1,Ivan Lendl,United States,USA,false,1,Miloslav Mecir,Slovakia,SVK,false,1,Carl Limberger,Australia,AUS,false,1,Andre Agassi,United States,USA,false,1,Mikael Pernfors,Sweden,SWE,false,1,Bart Wuyts,Belgium,BEL,false,1,Javier Sanchez,Spain,ESP,false,1,Renzo Furlan,Italy,ITA,false,1,Brett Steven,New Zealand,NZL,false,1,Alexander Mronz,Germany,GER,false,1,Daniel Nestor,Canada,CAN,false,1,Juan Pino,Cuba,CUB,false,1,Adrian Voinea,Romania,ROU,false,1,Martin Sinner,Germany,GER,false,1,Scott Draper,Australia,AUS,false,1,Magnus Norman,Sweden,SWE,false,1,Carlos Moya,Spain,ESP,false,1,Cecil Mamiit,Philippines,PHI,false,1,Todd Martin,United States,USA,false,1,Nicolas Massu,Chile,CHI,false,1,Attila Savolt,Hungary,HUN,false,1,Gouichi Motomura,Japan,JPN,false,1,Flavio Saretta,Brazil,BRA,false,1,Guillermo Canas,Argentina,ARG,false,1,David Ferrer,Spain,ESP,false,1,Sebastien Grosjean,France,FRA,false,1,Marin Cilic,Croatia,CRO,true,1,Daniel King Turner,New Zealand,NZL,false,1,Gonzalo Lama,Chile,CHI,true,1,Kyle Edmund,United Kingdom,GBR,true,1,Casper Ruud,Norway,NOR,true,1,Pablo Carreno Busta,Spain,ESP,true,1,Bernabe Zapata Miralles,Spain,ESP,true,1
MatchesWonByRetirementWalkoverDefaulting,"Most Matches Won by Retirement, Walkover or Defaulting",Novak Djokovic,Serbia,SRB,true,,38,,,,,,,,,,,,,,,,,,,,,,,,,,,,,,,,,,,,,,,,,,,,,,,,,,,,,,,,,,,,,,,,,,,,,,,,,,,,,,,,,,,,,,,,,,,,,,,,,,,,,,,,,,,,,,,,,,,,,,,,,,,,,,,,,,,,,,,,,,,,,,,,,,,,,,,,,,,,,,,,,,,,,,,,,,,,,,,,,,,,,,,,,,,,,,,,,,,,,,,,,,,,,,,,,,,,,,,,,,,,,,,,,,,,,,,,,,,,,,,,,,,,,,,,,,,,,,,,,,,,,,,,,