id,name,recordHolders_0_name,recordHolders_0_country_name,recordHolders_0_country_id,recordHolders_0_active,recordHolders_0_detail,value,recordHolders_1_name,recordHolders_1_country_name,recordHolders_1_country_id,recordHolders_1_active,recordHolders_1_detail,recordHolders_2_name,recordHolders_2_country_name,recordHolders_2_country_id,recordHolders_2_active,recordHolders_2_detail,goatPoints,recordHolders_3_name,recordHolders_3_country_name,recordHolders_3_country_id,recordHolders_3_active,recordHolders_3_detail,recordHolders_4_name,recordHolders_4_country_name,recordHolders_4_country_id,recordHolders_4_active,recordHolders_4_detail,recordHolders_5_name,recordHolders_5_country_name,recordHolders_5_country_id,recordHolders_5_active,recordHolders_5_detail,recordHolders_6_name,recordHolders_6_country_name,recordHolders_6_country_id,recordHolders_6_active,recordHolders_6_detail,recordHolders_7_name,recordHolders_7_country_name,recordHolders_7_country_id,recordHolders_7_active,recordHolders_7_detail,recordHolders_8_name,recordHolders_8_country_name,recordHolders_8_country_id,recordHolders_8_active,recordHolders_8_detail,recordHolders_9_name,recordHolders_9_country_name,recordHolders_9_country_id,recordHolders_9_active,recordHolders_9_detail,recordHolders_10_name,recordHolders_10_country_name,recordHolders_10_country_id,recordHolders_10_active,recordHolders_10_detail,recordHolders_11_name,recordHolders_11_country_name,recordHolders_11_country_id,recordHolders_11_active,recordHolders_11_detail,recordHolders_12_name,recordHolders_12_country_name,recordHolders_12_country_id,recordHolders_12_active,recordHolders_12_detail,recordHolders_13_name,recordHolders_13_country_name,recordHolders_13_country_id,recordHolders_13_active,recordHolders_13_detail,recordHolders_14_name,recordHolders_14_country_name,recordHolders_14_country_id,recordHolders_14_active,recordHolders_14_detail,recordHolders_15_name,recordHolders_15_country_name,recordHolders_15_country_id,recordHolders_15_active,recordHolders_15_detail,recordHolders_16_name,recordHolders_16_country_name,recordHolders_16_country_id,recordHolders_16_active,recordHolders_16_detail,recordHolders_17_name,recordHolders_17_country_name,recordHolders_17_country_id,recordHolders_17_active,recordHolders_17_detail,recordHolders_18_name,recordHolders_18_country_name,recordHolders_18_country_id,recordHolders_18_active,recordHolders_18_detail,recordHolders_19_name,recordHolders_19_country_name,recordHolders_19_country_id,recordHolders_19_active,recordHolders_19_detail,recordHolders_20_name,recordHolders_20_country_name,recordHolders_20_country_id,recordHolders_20_active,recordHolders_20_detail,recordHolders_21_name,recordHolders_21_country_name,recordHolders_21_country_id,recordHolders_21_active,recordHolders_21_detail,recordHolders_22_name,recordHolders_22_country_name,recordHolders_22_country_id,recordHolders_22_active,recordHolders_22_detail,recordHolders_23_name,recordHolders_23_country_name,recordHolders_23_country_id,recordHolders_23_active,recordHolders_23_detail,recordHolders_24_name,recordHolders_24_country_name,recordHolders_24_country_id,recordHolders_24_active,recordHolders_24_detail,recordHolders_25_name,recordHolders_25_country_name,recordHolders_25_country_id,recordHolders_25_active,recordHolders_25_detail,recordHolders_26_name,recordHolders_26_country_name,recordHolders_26_country_id,recordHolders_26_active,recordHolders_26_detail,recordHolders_27_name,recordHolders_27_country_name,recordHolders_27_country_id,recordHolders_27_active,recordHolders_27_detail,recordHolders_28_name,recordHolders_28_country_name,recordHolders_28_country_id,recordHolders_28_active,recordHolders_28_detail,recordHolders_29_name,recordHolders_29_country_name,recordHolders_29_country_id,recordHolders_29_active,recordHolders_29_detail
WinningPct,Greatest Winning Pct.,Novak Djokovic,Serbia,SRB,true,968-194/1162,83.30%,,,,,,,,,,,,,,,,,,,,,,,,,,,,,,,,,,,,,,,,,,,,,,,,,,,,,,,,,,,,,,,,,,,,,,,,,,,,,,,,,,,,,,,,,,,,,,,,,,,,,,,,,,,,,,,,,,,,,,,,,,,,,,,,,,,,,,,,,,,,,,,,,,
GrandSlamWinningPct,Greatest Grand Slam Winning Pct.,Bjorn Borg,Sweden,SWE,false,141-16/157,89.81%,,,,,,,,,,,,,,,,,,,,,,,,,,,,,,,,,,,,,,,,,,,,,,,,,,,,,,,,,,,,,,,,,,,,,,,,,,,,,,,,,,,,,,,,,,,,,,,,,,,,,,,,,,,,,,,,,,,,,,,,,,,,,,,,,,,,,,,,,,,,,,,,,,
TourFinalsWinningPct,Greatest Tour Finals Winning Pct.,Ilie Nastase,Romania,ROU,false,22-3/25,88.00%,,,,,,,,,,,,,,,,,,,,,,,,,,,,,,,,,,,,,,,,,,,,,,,,,,,,,,,,,,,,,,,,,,,,,,,,,,,,,,,,,,,,,,,,,,,,,,,,,,,,,,,,,,,,,,,,,,,,,,,,,,,,,,,,,,,,,,,,,,,,,,,,,,
AltFinalsWinningPct,Greatest Alternative Tour Finals Winning Pct.,David Wheaton,United States,USA,false,6-1/7,85.71%,Greg Rusedski,United Kingdom,GBR,false,6-1/7,,,,,,,,,,,,,,,,,,,,,,,,,,,,,,,,,,,,,,,,,,,,,,,,,,,,,,,,,,,,,,,,,,,,,,,,,,,,,,,,,,,,,,,,,,,,,,,,,,,,,,,,,,,,,,,,,,,,,,,,,,,,,,,,,,,,,,,,,,,,,
MastersWinningPct,Greatest Masters Winning Pct.,Jimmy Connors,United States,USA,false,295-60/355,83.10%,,,,,,,,,,,,,,,,,,,,,,,,,,,,,,,,,,,,,,,,,,,,,,,,,,,,,,,,,,,,,,,,,,,,,,,,,,,,,,,,,,,,,,,,,,,,,,,,,,,,,,,,,,,,,,,,,,,,,,,,,,,,,,,,,,,,,,,,,,,,,,,,,,
OlympicsWinningPct,Greatest Olympics Winning Pct.,Andre Agassi,United States,USA,false,6-0/6,100.00%,Miloslav Mecir,Slovakia,SVK,false,6-0/6,Yevgeny Kafelnikov,Russian Federation,RUS,false,6-0/6,,,,,,,,,,,,,,,,,,,,,,,,,,,,,,,,,,,,,,,,,,,,,,,,,,,,,,,,,,,,,,,,,,,,,,,,,,,,,,,,,,,,,,,,,,,,,,,,,,,,,,,,,,,,,,,,,,,,,,,,,,,,,,,,,,,,,,,,
ATP500WinningPct,Greatest ATP 500/CS Winning Pct.,Roger Federer,Switzerland,SUI,true,178-26/204,87.25%,,,,,,,,,,,,,,,,,,,,,,,,,,,,,,,,,,,,,,,,,,,,,,,,,,,,,,,,,,,,,,,,,,,,,,,,,,,,,,,,,,,,,,,,,,,,,,,,,,,,,,,,,,,,,,,,,,,,,,,,,,,,,,,,,,,,,,,,,,,,,,,,,,
ATP250WinningPct,Greatest ATP 250/WS Winning Pct.,John McEnroe,United States,USA,false,228-43/271,84.13%,,,,,,,,,,,,,,,,,,,,,,,,,,,,,,,,,,,,,,,,,,,,,,,,,,,,,,,,,,,,,,,,,,,,,,,,,,,,,,,,,,,,,,,,,,,,,,,,,,,,,,,,,,,,,,,,,,,,,,,,,,,,,,,,,,,,,,,,,,,,,,,,,,
DavisCupWinningPct,Greatest Davis Cup Winning Pct.,Marcos Baghdatis,Cyprus,CYP,false,23-0/23,100.00%,,,,,,,,,,,,,,,,,,,,,,,,,,,,,,,,,,,,,,,,,,,,,,,,,,,,,,,,,,,,,,,,,,,,,,,,,,,,,,,,,,,,,,,,,,,,,,,,,,,,,,,,,,,,,,,,,,,,,,,,,,,,,,,,,,,,,,,,,,,,,,,,,,
BestOf3WinningPct,Greatest Best of 3 Winning Pct.,Ivan Lendl,United States,USA,false,763-164/927,82.31%,,,,,,,,,,,,,,,,,,,,,,,,,,,,,,,,,,,,,,,,,,,,,,,,,,,,,,,,,,,,,,,,,,,,,,,,,,,,,,,,,,,,,,,,,,,,,,,,,,,,,,,,,,,,,,,,,,,,,,,,,,,,,,,,,,,,,,,,,,,,,,,,,,
BestOf5WinningPct,Greatest Best of 5 Winning Pct.,Rafael Nadal,Spain,ESP,true,322-43/365,88.22%,,,,,,,,,,,,,,,,,,,,,,,,,,,,,,,,,,,,,,,,,,,,,,,,,,,,,,,,,,,,,,,,,,,,,,,,,,,,,,,,,,,,,,,,,,,,,,,,,,,,,,,,,,,,,,,,,,,,,,,,,,,,,,,,,,,,,,,,,,,,,,,,,,
HardWinningPct,Greatest Hard Winning Pct.,Novak Djokovic,Serbia,SRB,true,613-113/726,84.44%,,,,,,,,,,,,,,,,,,,,,,,,,,,,,,,,,,,,,,,,,,,,,,,,,,,,,,,,,,,,,,,,,,,,,,,,,,,,,,,,,,,,,,,,,,,,,,,,,,,,,,,,,,,,,,,,,,,,,,,,,,,,,,,,,,,,,,,,,,,,,,,,,,
ClayWinningPct,Greatest Clay Winning Pct.,Rafael Nadal,Spain,ESP,true,464-43/507,91.52%,,,,,,,,,,,,,,,,,,,,,,,,,,,,,,,,,,,,,,,,,,,,,,,,,,,,,,,,,,,,,,,,,,,,,,,,,,,,,,,,,,,,,,,,,,,,,,,,,,,,,,,,,,,,,,,,,,,,,,,,,,,,,,,,,,,,,,,,,,,,,,,,,,
GrassWinningPct,Greatest Grass Winning Pct.,Roger Federer,Switzerland,SUI,true,192-29/221,86.88%,,,,,,,,,,,,,,,,,,,,,,,,,,,,,,,,,,,,,,,,,,,,,,,,,,,,,,,,,,,,,,,,,,,,,,,,,,,,,,,,,,,,,,,,,,,,,,,,,,,,,,,,,,,,,,,,,,,,,,,,,,,,,,,,,,,,,,,,,,,,,,,,,,
CarpetWinningPct,Greatest Carpet Winning Pct.,John McEnroe,United States,USA,false,350-64/414,84.54%,,,,,,,,,,,,,,,,,,,,,,,,,,,,,,,,,,,,,,,,,,,,,,,,,,,,,,,,,,,,,,,,,,,,,,,,,,,,,,,,,,,,,,,,,,,,,,,,,,,,,,,,,,,,,,,,,,,,,,,,,,,,,,,,,,,,,,,,,,,,,,,,,,
OutdoorWinningPct,Greatest Outdoor Winning Pct.,Rafael Nadal,Spain,ESP,true,942-167/1109,84.94%,,,,,,,,,,,,,,,,,,,,,,,,,,,,,,,,,,,,,,,,,,,,,,,,,,,,,,,,,,,,,,,,,,,,,,,,,,,,,,,,,,,,,,,,,,,,,,,,,,,,,,,,,,,,,,,,,,,,,,,,,,,,,,,,,,,,,,,,,,,,,,,,,,
IndoorWinningPct,Greatest Indoor Winning Pct.,John McEnroe,United States,USA,false,418-71/489,85.48%,,,,,,,,,,,,,,,,,,,,,,,,,,,,,,,,,,,,,,,,,,,,,,,,,,,,,,,,,,,,,,,,,,,,,,,,,,,,,,,,,,,,,,,,,,,,,,,,,,,,,,,,,,,,,,,,,,,,,,,,,,,,,,,,,,,,,,,,,,,,,,,,,,
WinningPctVsNo1,Greatest Winning Pct. Vs No. 1,Richard Krajicek,Netherlands,NED,false,7-5/12,58.33%,,,,,,,,,,,,,,,,,,,,,,,,,,,,,,,,,,,,,,,,,,,,,,,,,,,,,,,,,,,,,,,,,,,,,,,,,,,,,,,,,,,,,,,,,,,,,,,,,,,,,,,,,,,,,,,,,,,,,,,,,,,,,,,,,,,,,,,,,,,,,,,,,,
WinningPctVsTop5,Greatest Winning Pct. Vs Top 5,Bjorn Borg,Sweden,SWE,false,61-26/87,70.11%,,,,,,,,,,,,,,,,,,,,,,,,,,,,,,,,,,,,,,,,,,,,,,,,,,,,,,,,,,,,,,,,,,,,,,,,,,,,,,,,,,,,,,,,,,,,,,,,,,,,,,,,,,,,,,,,,,,,,,,,,,,,,,,,,,,,,,,,,,,,,,,,,,
WinningPctVsTop10,Greatest Winning Pct. Vs Top 10,Bjorn Borg,Sweden,SWE,false,117-51/168,69.64%,,,,,,,,,,,,,,,,,,,,,,,,,,,,,,,,,,,,,,,,,,,,,,,,,,,,,,,,,,,,,,,,,,,,,,,,,,,,,,,,,,,,,,,,,,,,,,,,,,,,,,,,,,,,,,,,,,,,,,,,,,,,,,,,,,,,,,,,,,,,,,,,,,
SeasonWinningPct,Greatest Winning Pct. in Single Season,John McEnroe,United States,USA,false,1984 82-3/85,96.47%,,,,,,,,,,,"2, 1",,,,,,,,,,,,,,,,,,,,,,,,,,,,,,,,,,,,,,,,,,,,,,,,,,,,,,,,,,,,,,,,,,,,,,,,,,,,,,,,,,,,,,,,,,,,,,,,,,,,,,,,,,,,,,,,,,,,,,,,,,,,,,,,,,,,,,,
SeasonHardWinningPct,Greatest Hard Winning Pct. in Single Season,Roger Federer,Switzerland,SUI,true,2005 50-1/51,98.04%,,,,,,,,,,,,,,,,,,,,,,,,,,,,,,,,,,,,,,,,,,,,,,,,,,,,,,,,,,,,,,,,,,,,,,,,,,,,,,,,,,,,,,,,,,,,,,,,,,,,,,,,,,,,,,,,,,,,,,,,,,,,,,,,,,,,,,,,,,,,,,,,,,
SeasonClayWinningPct,Greatest Clay Winning Pct. in Single Season,Rafael Nadal,Spain,ESP,true,2006 26-0/26,100.00%,Bjorn Borg,Sweden,SWE,false,1978 25-0/25,Rafael Nadal,Spain,ESP,true,2010 22-0/22,,Rod Laver,Australia,AUS,false,1974 10-0/10,,,,,,,,,,,,,,,,,,,,,,,,,,,,,,,,,,,,,,,,,,,,,,,,,,,,,,,,,,,,,,,,,,,,,,,,,,,,,,,,,,,,,,,,,,,,,,,,,,,,,,,,,,,,,,,,,,,,,,,,,,,,,,,,,,
SeasonGrassWinningPct,Greatest Grass Winning Pct. in Single Season,Lleyton Hewitt,Australia,AUS,false,2002 14-0/14,100.00%,John McEnroe,United States,USA,false,1981 13-0/13,Jimmy Connors,United States,USA,false,1982 13-0/13,,John McEnroe,United States,USA,false,1984 13-0/13,Pete Sampras,United States,USA,false,1995 12-0/12,Pete Sampras,United States,USA,false,1999 12-0/12,Roger Federer,Switzerland,SUI,true,2003 12-0/12,Roger Federer,Switzerland,SUI,true,2004 12-0/12,Roger Federer,Switzerland,SUI,true,2005 12-0/12,Roger Federer,Switzerland,SUI,true,2006 12-0/12,Rafael Nadal,Spain,ESP,true,2008 12-0/12,Andy Murray,United Kingdom,GBR,true,2013 12-0/12,Andy Murray,United Kingdom,GBR,true,2016 12-0/12,John Newcombe,Australia,AUS,false,1975 9-0/9,Bjorn Borg,Sweden,SWE,false,1976 7-0/7,Bjorn Borg,Sweden,SWE,false,1977 7-0/7,Bjorn Borg,Sweden,SWE,false,1978 7-0/7,Bjorn Borg,Sweden,SWE,false,1979 7-0/7,Bjorn Borg,Sweden,SWE,false,1980 7-0/7,Boris Becker,Germany,GER,false,1989 7-0/7,Andre Agassi,United States,USA,false,1992 7-0/7,Roger Federer,Switzerland,SUI,true,2009 7-0/7,Novak Djokovic,Serbia,SRB,true,2011 7-0/7,Novak Djokovic,Serbia,SRB,true,2014 7-0/7,Novak Djokovic,Serbia,SRB,true,2015 7-0/7,Novak Djokovic,Serbia,SRB,true,2019 7-0/7,Novak Djokovic,Serbia,SRB,true,2021 7-0/7,Roger Federer,Switzerland,SUI,true,2007 6-0/6,Pieter Aldrich,South Africa,RSA,false,1990 5-0/5,Rajeev Ram,United States,USA,false,2015 5-0/5
SeasonCarpetWinningPct,Greatest Carpet Winning Pct. in Single Season,Ivan Lendl,United States,USA,false,1982 40-0/40,100.00%,John McEnroe,United States,USA,false,1984 36-0/36,Ivan Lendl,United States,USA,false,1985 17-0/17,,Paul Henri Mathieu,France,FRA,false,2002 10-0/10,Ivan Ljubicic,Croatia,CRO,false,2006 7-0/7,Milan Holecek,Czech Republic,CZE,false,1968 5-0/5,Manuel Orantes,Spain,ESP,false,1969 5-0/5,John Newcombe,Australia,AUS,false,1974 5-0/5,Pat Cash,Australia,AUS,false,1983 5-0/5,Horst Skoff,Austria,AUT,false,1988 5-0/5,Michael Chang,United States,USA,false,1988 5-0/5,Robbie Weiss,United States,USA,false,1990 5-0/5,Filip Dewulf,Belgium,BEL,false,1995 5-0/5,Guillermo Coria,Argentina,ARG,false,2003 5-0/5,Robin Soderling,Sweden,SWE,false,2005 5-0/5,Roger Federer,Switzerland,SUI,true,2006 5-0/5,Andy Murray,United Kingdom,GBR,true,2007 5-0/5,Marcos Baghdatis,Cyprus,CYP,false,2007 5-0/5,Sebastien Grosjean,France,FRA,false,2007 5-0/5,Robin Soderling,Sweden,SWE,false,2008 5-0/5,,,,,,,,,,,,,,,,,,,,,,,,,,,,,,,,,,,,,,,,,,,,,,,,,,
SeasonOutdoorWinningPct,Greatest Outdoor Winning Pct. in Single Season,Roger Federer,Switzerland,SUI,true,2005 67-3/70,95.71%,,,,,,,,,,,,,,,,,,,,,,,,,,,,,,,,,,,,,,,,,,,,,,,,,,,,,,,,,,,,,,,,,,,,,,,,,,,,,,,,,,,,,,,,,,,,,,,,,,,,,,,,,,,,,,,,,,,,,,,,,,,,,,,,,,,,,,,,,,,,,,,,,,
SeasonIndoorWinningPct,Greatest Indoor Winning Pct. in Single Season,John McEnroe,United States,USA,false,1984 41-0/41,100.00%,Ivan Lendl,United States,USA,false,1982 40-0/40,Ivan Lendl,United States,USA,false,1985 22-0/22,,Roger Federer,Switzerland,SUI,true,2006 15-0/15,Roger Federer,Switzerland,SUI,true,2011 15-0/15,Andy Murray,United Kingdom,GBR,true,2016 13-0/13,John Newcombe,Australia,AUS,false,1974 10-0/10,Novak Djokovic,Serbia,SRB,true,2013 10-0/10,Robin Soderling,Sweden,SWE,false,2011 9-0/9,Novak Djokovic,Serbia,SRB,true,2014 9-0/9,Thomas Enqvist,Sweden,SWE,false,2002 8-0/8,Andy Murray,United Kingdom,GBR,true,2019 6-0/6,Milan Holecek,Czech Republic,CZE,false,1968 5-0/5,Manuel Orantes,Spain,ESP,false,1969 5-0/5,Guillermo Vilas,Argentina,ARG,false,1978 5-0/5,Howard Schoenfield,United States,USA,false,1980 5-0/5,Robbie Weiss,United States,USA,false,1990 5-0/5,Andre Agassi,United States,USA,false,2003 5-0/5,Guillermo Coria,Argentina,ARG,false,2003 5-0/5,Rafael Nadal,Spain,ESP,true,2005 5-0/5,Nick Kyrgios,Australia,AUS,true,2016 5-0/5,Andrey Rublev,Russian Federation,RUS,true,2021 5-0/5,,,,,,,,,,,,,,,,,,,,,,,,,,,,,,,,,,,,,,,,
TournamentWinningPct,Greatest Winning Pct. at Single Tournament,Novak Djokovic,Serbia,SRB,true,Beijing 29-0/29,100.00%,Jimmy Connors,United States,USA,false,Birmingham 26-0/26,Thomas Muster,Austria,AUT,false,Acapulco 20-0/20,,,,,,,,,,,,,,,,,,,,,,,,,,,,,,,,,,,,,,,,,,,,,,,,,,,,,,,,,,,,,,,,,,,,,,,,,,,,,,,,,,,,,,,,,,,,,,,,,,,,,,,,,,,,,,,,,,,,,,,,,,,,,,,,,,,,,,,,
TournamentGrandSlamWinningPct,Greatest Winning Pct. at Single Grand Slam Tournament,Rafael Nadal,Spain,ESP,true,Roland Garros 105-3/108,97.22%,,,,,,,,,,,,,,,,,,,,,,,,,,,,,,,,,,,,,,,,,,,,,,,,,,,,,,,,,,,,,,,,,,,,,,,,,,,,,,,,,,,,,,,,,,,,,,,,,,,,,,,,,,,,,,,,,,,,,,,,,,,,,,,,,,,,,,,,,,,,,,,,,,
TournamentMastersWinningPct,Greatest Winning Pct. at Single Masters Tournament,Jimmy Connors,United States,USA,false,Memphis 24-1/25,96.00%,,,,,,,,,,,,,,,,,,,,,,,,,,,,,,,,,,,,,,,,,,,,,,,,,,,,,,,,,,,,,,,,,,,,,,,,,,,,,,,,,,,,,,,,,,,,,,,,,,,,,,,,,,,,,,,,,,,,,,,,,,,,,,,,,,,,,,,,,,,,,,,,,,
TournamentATP500WinningPct,Greatest Winning Pct. at Single ATP 500/CS Tournament,Novak Djokovic,Serbia,SRB,true,Beijing 29-0/29,100.00%,,,,,,,,,,,,,,,,,,,,,,,,,,,,,,,,,,,,,,,,,,,,,,,,,,,,,,,,,,,,,,,,,,,,,,,,,,,,,,,,,,,,,,,,,,,,,,,,,,,,,,,,,,,,,,,,,,,,,,,,,,,,,,,,,,,,,,,,,,,,,,,,,,
TournamentATP250WinningPct,Greatest Winning Pct. at Single ATP 250/WS Tournament,Jimmy Connors,United States,USA,false,Birmingham 21-0/21,100.00%,Thomas Muster,Austria,AUT,false,Acapulco 20-0/20,John McEnroe,United States,USA,false,Sydney Indoor 20-0/20,,,,,,,,,,,,,,,,,,,,,,,,,,,,,,,,,,,,,,,,,,,,,,,,,,,,,,,,,,,,,,,,,,,,,,,,,,,,,,,,,,,,,,,,,,,,,,,,,,,,,,,,,,,,,,,,,,,,,,,,,,,,,,,,,,,,,,,,
PeakWinningPct,Greatest Peak Winning Pct.,Jimmy Connors,United States,USA,false,19-02-1980 696-109/805,86.46%,,,,,,,,,,,,,,,,,,,,,,,,,,,,,,,,,,,,,,,,,,,,,,,,,,,,,,,,,,,,,,,,,,,,,,,,,,,,,,,,,,,,,,,,,,,,,,,,,,,,,,,,,,,,,,,,,,,,,,,,,,,,,,,,,,,,,,,,,,,,,,,,,,
GrandSlamPeakWinningPct,Greatest Grand Slam Peak Winning Pct.,Rod Laver,Australia,AUS,false,07-03-1971 47-4/51,92.16%,,,,,,,,,,,,,,,,,,,,,,,,,,,,,,,,,,,,,,,,,,,,,,,,,,,,,,,,,,,,,,,,,,,,,,,,,,,,,,,,,,,,,,,,,,,,,,,,,,,,,,,,,,,,,,,,,,,,,,,,,,,,,,,,,,,,,,,,,,,,,,,,,,
TourFinalsPeakWinningPct,Greatest Tour Finals Peak Winning Pct.,Ilie Nastase,Romania,ROU,false,28-11-1972 10-0/10,100.00%,,,,,,,,,,,,,,,,,,,,,,,,,,,,,,,,,,,,,,,,,,,,,,,,,,,,,,,,,,,,,,,,,,,,,,,,,,,,,,,,,,,,,,,,,,,,,,,,,,,,,,,,,,,,,,,,,,,,,,,,,,,,,,,,,,,,,,,,,,,,,,,,,,
AltFinalsPeakWinningPct,Greatest Alternative Tour Finals Peak Winning Pct.,Pete Sampras,United States,USA,false,08-12-1992 6-0/6,100.00%,John McEnroe,United States,USA,false,28-04-1980 5-0/5,,,,,,,,,,,,,,,,,,,,,,,,,,,,,,,,,,,,,,,,,,,,,,,,,,,,,,,,,,,,,,,,,,,,,,,,,,,,,,,,,,,,,,,,,,,,,,,,,,,,,,,,,,,,,,,,,,,,,,,,,,,,,,,,,,,,,,,,,,,,,
MastersPeakWinningPct,Greatest Masters Peak Winning Pct.,Jimmy Connors,United States,USA,false,18-08-1980 145-18/163,88.96%,,,,,,,,,,,,,,,,,,,,,,,,,,,,,,,,,,,,,,,,,,,,,,,,,,,,,,,,,,,,,,,,,,,,,,,,,,,,,,,,,,,,,,,,,,,,,,,,,,,,,,,,,,,,,,,,,,,,,,,,,,,,,,,,,,,,,,,,,,,,,,,,,,
OlympicsPeakWinningPct,Greatest Olympics Peak Winning Pct.,Rafael Nadal,Spain,ESP,true,08-08-2016 10-0/10,100.00%,Stefan Edberg,Sweden,SWE,false,20-09-1988 9-0/9,Marc Rosset,Switzerland,SUI,false,22-07-1996 8-0/8,,Miloslav Mecir,Slovakia,SVK,false,20-09-1988 6-0/6,Andre Agassi,United States,USA,false,22-07-1996 6-0/6,Yevgeny Kafelnikov,Russian Federation,RUS,false,18-09-2000 6-0/6,Tim Mayotte,United States,USA,false,20-09-1988 5-0/5,Jordi Arrese,Spain,ESP,false,27-07-1992 5-0/5,Tommy Haas,Germany,GER,false,18-09-2000 5-0/5,Mardy Fish,United States,USA,false,16-08-2004 5-0/5,,,,,,,,,,,,,,,,,,,,,,,,,,,,,,,,,,,,,,,,,,,,,,,,,,,,,,,,,,,,,,,,,,,,,,,,,,,,,,,,,,,,,,,,,,,,,,,,,,,,
ATP500PeakWinningPct,Greatest ATP 500/CS Peak Winning Pct.,Rafael Nadal,Spain,ESP,true,30-09-2013 94-10/104,90.38%,,,,,,,,,,,,,,,,,,,,,,,,,,,,,,,,,,,,,,,,,,,,,,,,,,,,,,,,,,,,,,,,,,,,,,,,,,,,,,,,,,,,,,,,,,,,,,,,,,,,,,,,,,,,,,,,,,,,,,,,,,,,,,,,,,,,,,,,,,,,,,,,,,
ATP250PeakWinningPct,Greatest ATP 250/WS Peak Winning Pct.,Ivan Lendl,United States,USA,false,11-06-1990 264-33/297,88.89%,,,,,,,,,,,,,,,,,,,,,,,,,,,,,,,,,,,,,,,,,,,,,,,,,,,,,,,,,,,,,,,,,,,,,,,,,,,,,,,,,,,,,,,,,,,,,,,,,,,,,,,,,,,,,,,,,,,,,,,,,,,,,,,,,,,,,,,,,,,,,,,,,,
DavisCupPeakWinningPct,Greatest Davis Cup Peak Winning Pct.,Marcos Baghdatis,Cyprus,CYP,false,05-04-2013 23-0/23,100.00%,,,,,,,,,,,,,,,,,,,,,,,,,,,,,,,,,,,,,,,,,,,,,,,,,,,,,,,,,,,,,,,,,,,,,,,,,,,,,,,,,,,,,,,,,,,,,,,,,,,,,,,,,,,,,,,,,,,,,,,,,,,,,,,,,,,,,,,,,,,,,,,,,,
BestOf3PeakWinningPct,Greatest Best of 3 Peak Winning Pct.,Jimmy Connors,United States,USA,false,19-02-1980 555-78/633,87.68%,,,,,,,,,,,,,,,,,,,,,,,,,,,,,,,,,,,,,,,,,,,,,,,,,,,,,,,,,,,,,,,,,,,,,,,,,,,,,,,,,,,,,,,,,,,,,,,,,,,,,,,,,,,,,,,,,,,,,,,,,,,,,,,,,,,,,,,,,,,,,,,,,,
BestOf5PeakWinningPct,Greatest Best of 5 Peak Winning Pct.,Rod Laver,Australia,AUS,false,13-05-1970 95-8/103,92.23%,,,,,,,,,,,,,,,,,,,,,,,,,,,,,,,,,,,,,,,,,,,,,,,,,,,,,,,,,,,,,,,,,,,,,,,,,,,,,,,,,,,,,,,,,,,,,,,,,,,,,,,,,,,,,,,,,,,,,,,,,,,,,,,,,,,,,,,,,,,,,,,,,,
HardPeakWinningPct,Greatest Hard Peak Winning Pct.,Ivan Lendl,United States,USA,false,16-03-1990 291-38/329,88.45%,,,,,,,,,,,,,,,,,,,,,,,,,,,,,,,,,,,,,,,,,,,,,,,,,,,,,,,,,,,,,,,,,,,,,,,,,,,,,,,,,,,,,,,,,,,,,,,,,,,,,,,,,,,,,,,,,,,,,,,,,,,,,,,,,,,,,,,,,,,,,,,,,,
ClayPeakWinningPct,Greatest Clay Peak Winning Pct.,Rafael Nadal,Spain,ESP,true,13-04-2014 300-21/321,93.46%,,,,,,,,,,,,,,,,,,,,,,,,,,,,,,,,,,,,,,,,,,,,,,,,,,,,,,,,,,,,,,,,,,,,,,,,,,,,,,,,,,,,,,,,,,,,,,,,,,,,,,,,,,,,,,,,,,,,,,,,,,,,,,,,,,,,,,,,,,,,,,,,,,
GrassPeakWinningPct,Greatest Grass Peak Winning Pct.,Rod Laver,Australia,AUS,false,08-06-1970 58-5/63,92.06%,,,,,,,,,,,,,,,,,,,,,,,,,,,,,,,,,,,,,,,,,,,,,,,,,,,,,,,,,,,,,,,,,,,,,,,,,,,,,,,,,,,,,,,,,,,,,,,,,,,,,,,,,,,,,,,,,,,,,,,,,,,,,,,,,,,,,,,,,,,,,,,,,,
CarpetPeakWinningPct,Greatest Carpet Peak Winning Pct.,Jimmy Connors,United States,USA,false,24-01-1977 133-13/146,91.10%,,,,,,,,,,,,,,,,,,,,,,,,,,,,,,,,,,,,,,,,,,,,,,,,,,,,,,,,,,,,,,,,,,,,,,,,,,,,,,,,,,,,,,,,,,,,,,,,,,,,,,,,,,,,,,,,,,,,,,,,,,,,,,,,,,,,,,,,,,,,,,,,,,
OutdoorPeakWinningPct,Greatest Outdoor Peak Winning Pct.,Rafael Nadal,Spain,ESP,true,13-01-2014 614-98/712,86.24%,,,,,,,,,,,,,,,,,,,,,,,,,,,,,,,,,,,,,,,,,,,,,,,,,,,,,,,,,,,,,,,,,,,,,,,,,,,,,,,,,,,,,,,,,,,,,,,,,,,,,,,,,,,,,,,,,,,,,,,,,,,,,,,,,,,,,,,,,,,,,,,,,,
IndoorPeakWinningPct,Greatest Indoor Peak Winning Pct.,John McEnroe,United States,USA,false,01-04-1985 309-32/341,90.62%,,,,,,,,,,,,,,,,,,,,,,,,,,,,,,,,,,,,,,,,,,,,,,,,,,,,,,,,,,,,,,,,,,,,,,,,,,,,,,,,,,,,,,,,,,,,,,,,,,,,,,,,,,,,,,,,,,,,,,,,,,,,,,,,,,,,,,,,,,,,,,,,,,
PeakWinningPctVsNo1,Greatest Peak Winning Pct. Vs No. 1,Rafael Nadal,Spain,ESP,true,15-04-2007 7-3/10,70.00%,,,,,,,,,,,,,,,,,,,,,,,,,,,,,,,,,,,,,,,,,,,,,,,,,,,,,,,,,,,,,,,,,,,,,,,,,,,,,,,,,,,,,,,,,,,,,,,,,,,,,,,,,,,,,,,,,,,,,,,,,,,,,,,,,,,,,,,,,,,,,,,,,,
PeakWinningPctVsTop5,Greatest Peak Winning Pct. Vs Top 5,Rod Laver,Australia,AUS,false,09-03-1972 56-19/75,74.67%,,,,,,,,,,,,,,,,,,,,,,,,,,,,,,,,,,,,,,,,,,,,,,,,,,,,,,,,,,,,,,,,,,,,,,,,,,,,,,,,,,,,,,,,,,,,,,,,,,,,,,,,,,,,,,,,,,,,,,,,,,,,,,,,,,,,,,,,,,,,,,,,,,
PeakWinningPctVsTop10,Greatest Peak Winning Pct. Vs Top 10,Rod Laver,Australia,AUS,false,21-06-1971 103-30/133,77.44%,,,,,,,,,,,,,,,,,,,,,,,,,,,,,,,,,,,,,,,,,,,,,,,,,,,,,,,,,,,,,,,,,,,,,,,,,,,,,,,,,,,,,,,,,,,,,,,,,,,,,,,,,,,,,,,,,,,,,,,,,,,,,,,,,,,,,,,,,,,,,,,,,,