,name,Record Holder 1,Country 1,Detail 1,value,Record Holder 2,Country 2,Detail 2,Record Holder 3,Country 3,Detail 3
1,Most Grand Slam Titles,Roger Federer,SUI,20,20,Rafael Nadal,ESP,20,Novak Djokovic,SRB,20
2,Most Tour Finals Titles,Roger Federer,SUI,,6,,,,,,
5,Most Masters Titles,Novak Djokovic,SRB,36,36,Rafael Nadal,ESP,36,,,
8,"Most Big Titles (Grand Slam, All Tour Finals, Masters, Olympics)",Novak Djokovic,SRB,,61,,,,,,
12,Most Davis Cup Titles,Rafael Nadal,ESP,,5,Feliciano Lopez,ESP,,,,
14,Most Hard Titles,Roger Federer,SUI,,71,,,,,,
15,Most Clay Titles,Rafael Nadal,ESP,,62,,,,,,
16,Most Grass Titles,Roger Federer,SUI,,19,,,,,,
18,Most Outdoor Titles,Rafael Nadal,ESP,,86,,,,,,
20,Most Hard Grand Slam Titles,Novak Djokovic,SRB,,12,,,,,,
21,Most Clay Grand Slam Titles,Rafael Nadal,ESP,,13,,,,,,
22,Most Grass Grand Slam Titles,Roger Federer,SUI,,8,,,,,,
23,Most Hard Masters Titles,Novak Djokovic,SRB,,26,,,,,,
24,Most Clay Masters Titles,Rafael Nadal,ESP,,26,,,,,,
27,"Most Hard Big Titles (Grand Slam, All Tour Finals, Masters, Olympics)",Novak Djokovic,SRB,,43,,,,,,
28,"Most Clay Big Titles (Grand Slam, All Tour Finals, Masters, Olympics)",Rafael Nadal,ESP,,39,,,,,,
29,"Most Grass Big Titles (Grand Slam, All Tour Finals, Masters, Olympics)",Roger Federer,SUI,,8,,,,,,
34,Most Masters Titles in Single Season,Novak Djokovic,SRB,2015,6,,,,,,
35,"Most Big Titles in Single Season (Grand Slam, All Tour Finals, Masters, Olympics)",Novak Djokovic,SRB,2015,10,,,,,,
42,Most Titles at Single Tournament,Rafael Nadal,ESP,Roland Garros,13,,,,,,
43,Most Grand Slam Titles at Single Tournament,Rafael Nadal,ESP,Roland Garros,13,,,,,,
44,Most Masters Titles at Single Tournament,Rafael Nadal,ESP,Monte Carlo Masters,11,,,,,,
45,Most ATP 500/CS Titles at Single Tournament,Rafael Nadal,ESP,Barcelona,12,,,,,,
47,Most Small Titles at Single Tournament,Rafael Nadal,ESP,Barcelona,12,,,,,,
55,Most Titles at Each Grand Slam Tournament,Novak Djokovic,SRB,2021 Roland Garros,2,,,,,,
56,Most Grand Slam Titles Adjusted by Difficulty,Novak Djokovic,SRB,20,21.8,,,,,,
57,Most Tour Finals Titles Adjusted by Difficulty,Roger Federer,SUI,6,5.74,,,,,,
59,Most Masters Titles Adjusted by Difficulty,Novak Djokovic,SRB,36,38.83,,,,,,
63,Most Hard Grand Slam Titles Adjusted by Difficulty,Novak Djokovic,SRB,12,13.38,,,,,,
64,Most Clay Grand Slam Titles Adjusted by Difficulty,Rafael Nadal,ESP,13,14.52,,,,,,
65,Most Grass Grand Slam Titles Adjusted by Difficulty,Roger Federer,SUI,8,7.89,,,,,,
66,Most Hard Masters Titles Adjusted by Difficulty,Novak Djokovic,SRB,26,28.4,,,,,,
67,Most Clay Masters Titles Adjusted by Difficulty,Rafael Nadal,ESP,26,27.51,,,,,,
70,Most Masters Titles in Single Season Adjusted by Difficulty,Novak Djokovic,SRB,2015 - 6,6.81,,,,,,
71,Most Grand Slam Titles at Single Tournament Adjusted by Difficulty,Rafael Nadal,ESP,Roland Garros - 13,14.52,,,,,,
72,Most Masters Titles at Single Tournament Adjusted by Difficulty,Rafael Nadal,ESP,Monte Carlo Masters - 11,11.59,,,,,,
74,Most Grand Slam Finals,Roger Federer,SUI,,31,,,,,,
75,Most Tour Finals Finals,Roger Federer,SUI,,10,,,,,,
78,Most Masters Finals,Novak Djokovic,SRB,,53,,,,,,
80,"Most Big Finals (Grand Slam, All Tour Finals, Masters, Olympics)",Roger Federer,SUI,,92,,,,,,
84,Most Hard Finals,Roger Federer,SUI,,98,,,,,,
86,Most Grass Finals,Roger Federer,SUI,,27,,,,,,
88,Most Outdoor Finals,Roger Federer,SUI,118,118,Rafael Nadal,ESP,118,,,
90,Most Hard Grand Slam Finals,Novak Djokovic,SRB,,17,,,,,,
91,Most Clay Grand Slam Finals,Rafael Nadal,ESP,,13,,,,,,
92,Most Grass Grand Slam Finals,Roger Federer,SUI,,12,,,,,,
93,Most Hard Masters Finals,Novak Djokovic,SRB,,35,,,,,,
94,Most Clay Masters Finals,Rafael Nadal,ESP,,33,,,,,,
96,"Most Hard Big Finals (Grand Slam, All Tour Finals, Masters, Olympics)",Novak Djokovic,SRB,,59,,,,,,
97,"Most Clay Big Finals (Grand Slam, All Tour Finals, Masters, Olympics)",Rafael Nadal,ESP,,46,,,,,,
98,"Most Grass Big Finals (Grand Slam, All Tour Finals, Masters, Olympics)",Roger Federer,SUI,,13,,,,,,
103,Most Masters Finals in Single Season,Novak Djokovic,SRB,2015,8,,,,,,
104,"Most Big Finals in Single Season (Grand Slam, All Tour Finals, Masters, Olympics)",Novak Djokovic,SRB,2015,13,,,,,,
111,Most Finals at Single Tournament,Roger Federer,SUI,Basel,15,,,,,,
112,Most Grand Slam Finals at Single Tournament,Rafael Nadal,ESP,Roland Garros,13,,,,,,
113,Most Masters Finals at Single Tournament,Rafael Nadal,ESP,Monte Carlo Masters,12,Rafael Nadal,ESP,Rome Masters,,,
114,Most ATP 500/CS Finals at Single Tournament,Rafael Nadal,ESP,Barcelona,12,,,,,,
116,Most Small Finals at Single Tournament,Roger Federer,SUI,Basel,15,,,,,,
124,Most Finals at Each Grand Slam Tournament,Novak Djokovic,SRB,2021 Roland Garros,6,,,,,,
126,Most Grand Slam Semi-Finals,Roger Federer,SUI,,46,,,,,,
127,Most Tour Finals Semi-Finals,Roger Federer,SUI,,16,,,,,,
130,Most Masters Semi-Finals,Rafael Nadal,ESP,,75,,,,,,
132,"Most Big Semi-Finals (Grand Slam, All Tour Finals, Masters, Olympics)",Roger Federer,SUI,,130,,,,,,
136,Most Hard Semi-Finals,Roger Federer,SUI,,138,,,,,,
138,Most Grass Semi-Finals,Roger Federer,SUI,,32,,,,,,
140,Most Outdoor Semi-Finals,Roger Federer,SUI,,155,,,,,,
144,Most Masters Semi-Finals in Single Season,Rafael Nadal,ESP,2013,8,Novak Djokovic,SRB,2015,,,
145,"Most Big Semi-Finals in Single Season (Grand Slam, All Tour Finals, Masters, Olympics)",Novak Djokovic,SRB,2012,13,Novak Djokovic,SRB,2015,,,
150,Most Semi-Finals at Single Tournament,Roger Federer,SUI,Basel,16,Roger Federer,SUI,Tour Finals,,,
151,Most Grand Slam Semi-Finals at Single Tournament,Roger Federer,SUI,Australian Open,15,,,,,,
152,Most Masters Semi-Finals at Single Tournament,Rafael Nadal,ESP,Monte Carlo Masters,14,,,,,,
153,Most Semi-Finals at Each Grand Slam Tournament,Novak Djokovic,SRB,2021 Australian Open,9,,,,,,
155,Most Grand Slam Quarter-Finals,Roger Federer,SUI,,58,,,,,,
156,Most Tour Finals Quarter-Finals,Roger Federer,SUI,,16,,,,,,
159,Most Masters Quarter-Finals,Rafael Nadal,ESP,,97,,,,,,
160,Most Olympics Quarter-Finals,Roger Federer,SUI,,3,,,,,,
161,"Most Big Quarter-Finals (Grand Slam, All Tour Finals, Masters, Olympics)",Roger Federer,SUI,,164,,,,,,
165,Most Hard Quarter-Finals,Roger Federer,SUI,,164,,,,,,
167,Most Grass Quarter-Finals,Roger Federer,SUI,,40,,,,,,
169,Most Outdoor Quarter-Finals,Rafael Nadal,ESP,,199,,,,,,
173,Most Masters Quarter-Finals in Single Season,Novak Djokovic,SRB,2009,9,Rafael Nadal,ESP,2009,,,
174,"Most Big Quarter-Finals in Single Season (Grand Slam, All Tour Finals, Masters, Olympics)",Novak Djokovic,SRB,2012,14,,,,,,
179,Most Quarter-Finals at Single Tournament,Roger Federer,SUI,Wimbledon,18,,,,,,
180,Most Grand Slam Quarter-Finals at Single Tournament,Roger Federer,SUI,Wimbledon,18,,,,,,
181,Most Masters Quarter-Finals at Single Tournament,Rafael Nadal,ESP,Monte Carlo Masters,16,Rafael Nadal,ESP,Rome Masters,,,
182,Most Quarter-Finals at Each Grand Slam Tournament,Roger Federer,SUI,2019 Roland Garros,12,,,,,,
184,Most Grand Slam Entries,Roger Federer,SUI,,81,,,,,,
185,Most Tour Finals Entries,Roger Federer,SUI,,17,,,,,,
188,Most Masters Entries,Roger Federer,SUI,,138,,,,,,
190,"Most Big Entries (Grand Slam, All Tour Finals, Masters, Olympics)",Roger Federer,SUI,,240,,,,,,
212,Most Entries at Each Grand Slam Tournament,Roger Federer,SUI,2021 Roland Garros,19,Feliciano Lopez,ESP,2021 Wimbledon,,,
248,Greatest Masters Title / Entry Winning Pct.,Novak Djokovic,SRB,36-82/118,30.51%,Rod Laver,AUS,18-41/59,,,
251,Greatest ATP 500/CS Title / Entry Winning Pct.,Roger Federer,SUI,24-26/50,48.00%,,,,,,
253,"Greatest Small Title / Entry Winning Pct. (ATP 500/CS, ATP 250/WS)",Roger Federer,SUI,49-78/127,38.58%,,,,,,
255,Greatest Clay Title / Entry Winning Pct.,Rafael Nadal,ESP,62-45/107,57.94%,,,,,,
256,Greatest Grass Title / Entry Winning Pct.,Roger Federer,SUI,19-29/48,39.58%,,,,,,
262,Tour Finals Title Streak,Novak Djokovic,SRB,2012 Tour Finals - 2015 Tour Finals,4,,,,,,
267,"Big Title Streak (Grand Slam, All Tour Finals, Masters, Olympics)",Novak Djokovic,SRB,2014 Paris Masters - 2015 Rome Masters,7,Novak Djokovic,SRB,2015 US Open - 2016 Miami Masters,,,
269,ATP 250/WS Title Streak,Roger Federer,SUI,2004 Halle - 2008 Basel,13,,,,,,
271,Hard Title Streak,Roger Federer,SUI,2005 Rotterdam - 2006 Australian Open,9,,,,,,
272,Clay Title Streak,Rafael Nadal,ESP,2005 Monte Carlo Masters - 2007 Rome Masters,13,,,,,,
273,Grass Title Streak,Roger Federer,SUI,2003 Halle - 2008 Halle,10,,,,,,
277,Title Streak at Single Tournament,Rafael Nadal,ESP,2005 Monte Carlo Masters - 2012 Monte Carlo Masters,8,Rafael Nadal,ESP,2005 Barcelona - 2013 Barcelona,,,
279,Title Streak at Single Masters Tournament,Rafael Nadal,ESP,2005 Monte Carlo Masters - 2012 Monte Carlo Masters,8,,,,,,
280,Title Streak at Single ATP 500/CS Tournament,Rafael Nadal,ESP,2005 Barcelona - 2013 Barcelona,8,,,,,,
283,Grand Slam Final Streak,Roger Federer,SUI,2005 Wimbledon - 2007 US Open,10,,,,,,
287,Masters Final Streak,Novak Djokovic,SRB,2014 Paris Masters - 2016 Miami Masters,11,,,,,,
289,"Big Final Streak (Grand Slam, All Tour Finals, Masters, Olympics)",Novak Djokovic,SRB,2014 Paris Masters - 2016 Miami Masters,18,,,,,,
293,Hard Final Streak,Roger Federer,SUI,2005 Rotterdam - 2006 Canada Masters,13,Novak Djokovic,SRB,2015 Australian Open - 2016 Australian Open,,,
294,Clay Final Streak,Rafael Nadal,ESP,2005 Monte Carlo Masters - 2008 Barcelona,18,,,,,,
295,Grass Final Streak,Roger Federer,SUI,2003 Halle - 2010 Halle,13,,,,,,
297,Outdoor Final Streak,Roger Federer,SUI,2005 Halle - 2006 Canada Masters,15,Novak Djokovic,SRB,2015 Australian Open - 2016 Australian Open,,,
299,Final Streak at Single Tournament,Roger Federer,SUI,2006 Basel - 2019 Basel,13,,,,,,
301,Final Streak at Single Masters Tournament,Rafael Nadal,ESP,2005 Monte Carlo Masters - 2013 Monte Carlo Masters,9,,,,,,
302,Final Streak at Single ATP 500/CS Tournament,Roger Federer,SUI,2009 Basel - 2019 Basel,10,,,,,,
305,Grand Slam Semi-Final Streak,Roger Federer,SUI,2004 Wimbledon - 2010 Australian Open,23,,,,,,
311,"Big Semi-Final Streak (Grand Slam, All Tour Finals, Masters, Olympics)",Novak Djokovic,SRB,2014 US Open - 2016 Miami Masters,20,,,,,,
312,ATP 500/CS Semi-Final Streak,Novak Djokovic,SRB,2007 Vienna - 2015 Beijing,19,,,,,,
313,ATP 250/WS Semi-Final Streak,Roger Federer,SUI,2004 Halle - 2013 Halle,22,,,,,,
316,Clay Semi-Final Streak,Rafael Nadal,ESP,2005 Monte Carlo Masters - 2008 Barcelona,18,,,,,,
317,Grass Semi-Final Streak,Roger Federer,SUI,2003 Halle - 2010 Halle,13,,,,,,
319,Outdoor Semi-Final Streak,Novak Djokovic,SRB,2010 US Open - 2012 Monte Carlo Masters,20,,,,,,
321,Semi-Final Streak at Single Tournament,Roger Federer,SUI,2002 Halle - 2019 Halle,15,,,,,,
323,Semi-Final Streak at Single Masters Tournament,Rafael Nadal,ESP,2005 Monte Carlo Masters - 2013 Monte Carlo Masters,9,,,,,,
324,Semi-Final Streak at Single ATP 500/CS Tournament,Roger Federer,SUI,2009 Basel - 2019 Basel,10,,,,,,
325,Semi-Final Streak at Single ATP 250/WS Tournament,Roger Federer,SUI,2002 Halle - 2014 Halle,10,,,,,,
326,Quarter-Final Streak,Roger Federer,SUI,2004 US Open - 2006 Canada Masters,29,,,,,,
327,Grand Slam Quarter-Final Streak,Roger Federer,SUI,2004 Wimbledon - 2013 Roland Garros,36,,,,,,
331,Masters Quarter-Final Streak,Rafael Nadal,ESP,2008 Hamburg Masters - 2010 Cincinnati Masters,21,,,,,,
334,ATP 500/CS Quarter-Final Streak,Novak Djokovic,SRB,2007 Rotterdam - 2017 Acapulco,23,,,,,,
339,Grass Quarter-Final Streak,Roger Federer,SUI,2003 Halle - 2013 Halle,19,,,,,,
341,Outdoor Quarter-Final Streak,Novak Djokovic,SRB,2010 Wimbledon - 2013 Indian Wells Masters,36,,,,,,
343,Quarter-Final Streak at Single Tournament,Roger Federer,SUI,2000 Halle - 2019 Halle,17,,,,,,
345,Quarter-Final Streak at Single Masters Tournament,Rafael Nadal,ESP,2005 Monte Carlo Masters - 2021 Monte Carlo Masters,16,,,,,,
346,Quarter-Final Streak at Single ATP 500/CS Tournament,Novak Djokovic,SRB,2007 Dubai - 2020 Dubai,11,,,,,,
347,Quarter-Final Streak at Single ATP 250/WS Tournament,Roger Federer,SUI,2000 Halle - 2014 Halle,12,,,,,,
378,Oldest Tour Finals Champion,Roger Federer,SUI,2011 Tour Finals,30 years 3 mons 12 days,,,,,,
395,Oldest Olympics Finalist,Roger Federer,SUI,2012 London Olympics,30 years 11 mons 17 days,,,,,,
404,Longest First Title to Last Title,Roger Federer,SUI,29-01-2001 Milan - 21-10-2019 Basel,18 years 8 mons 23 days,,,,,,
405,Longest Grand Slam First Title to Last Title,Rafael Nadal,ESP,23-05-2005 Roland Garros - 28-09-2020 Roland Garros,15 years 4 mons 5 days,,,,,,
408,Longest Masters First Title to Last Title,Roger Federer,SUI,13-05-2002 Hamburg Masters - 18-03-2019 Miami Masters,16 years 10 mons 5 days,,,,,,
409,Longest First Final to Last Final,Roger Federer,SUI,07-02-2000 Marseille - 21-10-2019 Basel,19 years 8 mons 14 days,,,,,,
410,Longest Grand Slam First Final to Last Final,Roger Federer,SUI,23-06-2003 Wimbledon - 01-07-2019 Wimbledon,16 years 8 days,,,,,,
413,Longest Masters First Final to Last Final,Roger Federer,SUI,18-03-2002 Miami Masters - 18-03-2019 Miami Masters,17 years,,,,,,
415,Longest Grand Slam First Win to Last Win,Roger Federer,SUI,17-01-2000 Australian Open - 28-06-2021 Wimbledon,21 years 5 mons 11 days,,,,,,
416,Longest Tour Finals First Win to Last Win,Roger Federer,SUI,11-11-2002 Masters Cup - 11-11-2019 Tour Finals,17 years,,,,,,
417,Longest All Tour Finals First Win to Last Win,Roger Federer,SUI,11-11-2002 Masters Cup - 11-11-2019 Tour Finals,17 years,,,,,,
421,Longest Grand Slam First Match to Last Match,Roger Federer,SUI,24-05-1999 Roland Garros - 28-06-2021 Wimbledon,22 years 1 mon 4 days,,,,,,
422,Longest Tour Finals First Match to Last Match,Roger Federer,SUI,11-11-2002 Masters Cup - 11-11-2019 Tour Finals,17 years,,,,,,
426,Consecutive Seasons With at Least One Title,Rafael Nadal,ESP,2004-2021,18,,,,,,
427,Consecutive Seasons With at Least One Grand Slam Title,Rafael Nadal,ESP,2005-2014,10,,,,,,
428,Consecutive Seasons With at Least One Masters Title,Rafael Nadal,ESP,2005-2014,10,,,,,,
429,Consecutive Seasons With at Least One Final,Roger Federer,SUI,2000-2019,20,,,,,,
431,Consecutive Seasons With at Least One Masters Final,Rafael Nadal,ESP,2005-2019,15,,,,,,
434,Least Games Lost Winning Tour Finals Title,Novak Djokovic,SRB,2014 Tour Finals,16,,,,,,
436,Least Games Lost Winning Masters Title,Rafael Nadal,ESP,2010 Monte Carlo Masters,14,,,,,,
454,Least Sets Lost Winning Hard Title,Roger Federer,SUI,2007 Australian Open,0,,,,,,
461,Grand Slam Titles Won W/O Losing Set,Rafael Nadal,ESP,,4,,,,,,
464,Masters Titles Won W/O Losing Set,Novak Djokovic,SRB,,10,,,,,,
466,ATP 500/CS Titles Won W/O Losing Set,Rafael Nadal,ESP,,14,,,,,,
468,Hard Titles Won W/O Losing Set,Roger Federer,SUI,,15,Novak Djokovic,SRB,,,,
469,Clay Titles Won W/O Losing Set,Rafael Nadal,ESP,,26,,,,,,
472,Outdoor Titles Won W/O Losing Set,Rafael Nadal,ESP,,28,,,,,,
490,Most Breaks Winning Masters Title,Rafael Nadal,ESP,2005 Rome Masters,37,,,,,,
494,Most Breaks Winning Hard Title,Novak Djokovic,SRB,2012 Australian Open,55,,,,,,
500,Titles Won W/O Break Against,Roger Federer,SUI,,4,,,,,,
503,Masters Titles Won W/O Break Against,Roger Federer,SUI,,2,,,,,,
507,Hard Titles Won W/O Break Against,Roger Federer,SUI,,3,,,,,,
511,Outdoor Titles Won W/O Break Against,Roger Federer,SUI,,4,,,,,,
514,Most Grand Slam Matches Played,Roger Federer,SUI,,429,,,,,,
515,Most Tour Finals Matches Played,Roger Federer,SUI,,76,,,,,,
517,Most Masters Matches Played,Roger Federer,SUI,,489,,,,,,
518,Most Olympics Matches Played,Roger Federer,SUI,,18,,,,,,
523,Most Best of 5 Matches Played,Roger Federer,SUI,,500,,,,,,
524,Most Hard Matches Played,Roger Federer,SUI,,932,,,,,,
528,Most Outdoor Matches Played,Roger Federer,SUI,,1183,,,,,,
531,Most Matches Played Vs Top 5,Roger Federer,SUI,,179,,,,,,
532,Most Matches Played Vs Top 10,Roger Federer,SUI,,346,,,,,,
543,Most Matches Played at Single Tournament,Roger Federer,SUI,Wimbledon,119,,,,,,
544,Most Matches Played at Single Grand Slam Tournament,Roger Federer,SUI,Wimbledon,119,,,,,,
545,Most Matches Played at Single Masters Tournament,Roger Federer,SUI,Indian Wells Masters,79,Rafael Nadal,ESP,Monte Carlo Masters,,,
546,Most Matches Played at Single ATP 500/CS Tournament,Rafael Nadal,ESP,Barcelona,70,,,,,,
549,Most Grand Slam Matches Vs Different Players Played,Roger Federer,SUI,,199,,,,,,
550,Most Tour Finals Matches Vs Different Players Played,Roger Federer,SUI,,40,,,,,,
556,Most Matches Played that ended by Retirement,Novak Djokovic,SRB,,39,,,,,,
561,Most Grand Slam Matches Won,Roger Federer,SUI,,369,,,,,,
562,Most Tour Finals Matches Won,Roger Federer,SUI,,59,,,,,,
564,Most Masters Matches Won,Rafael Nadal,ESP,,398,,,,,,
565,Most Olympics Matches Won,Roger Federer,SUI,,13,,,,,,
570,Most Best of 5 Matches Won,Roger Federer,SUI,,424,,,,,,
571,Most Hard Matches Won,Roger Federer,SUI,,776,,,,,,
573,Most Grass Matches Won,Roger Federer,SUI,,192,,,,,,
575,Most Outdoor Matches Won,Roger Federer,SUI,,976,,,,,,
577,Most Matches Won Vs No. 1,Rafael Nadal,ESP,,22,,,,,,
578,Most Matches Won Vs Top 5,Novak Djokovic,SRB,,105,,,,,,
579,Most Matches Won Vs Top 10,Novak Djokovic,SRB,223,223,Roger Federer,SUI,223,,,
581,Most Hard Matches Won in Single Season,Roger Federer,SUI,2006,59,Novak Djokovic,SRB,2015,,,
590,Most Matches Won at Single Tournament,Rafael Nadal,ESP,Roland Garros,105,Roger Federer,SUI,Wimbledon,,,
591,Most Matches Won at Single Grand Slam Tournament,Rafael Nadal,ESP,Roland Garros,105,Roger Federer,SUI,Wimbledon,,,
592,Most Matches Won at Single Masters Tournament,Rafael Nadal,ESP,Monte Carlo Masters,73,,,,,,
593,Most Matches Won at Single ATP 500/CS Tournament,Rafael Nadal,ESP,Barcelona,66,,,,,,
596,Most Grand Slam Matches Vs Different Players Won,Roger Federer,SUI,,187,,,,,,
597,Most Tour Finals Matches Vs Different Players Won,Roger Federer,SUI,,36,,,,,,
603,Most Matches Won by Retirement,Novak Djokovic,SRB,,26,,,,,,
604,Most Matches Won by Walkover,Roger Federer,SUI,,14,,,,,,
606,"Most Matches Won by Retirement, Walkover or Defaulting",Novak Djokovic,SRB,,38,,,,,,
607,Greatest Winning Pct.,Novak Djokovic,SRB,968-194/1162,83.30%,,,,,,
613,Greatest ATP 500/CS Winning Pct.,Roger Federer,SUI,178-26/204,87.25%,,,,,,
617,Greatest Best of 5 Winning Pct.,Rafael Nadal,ESP,322-43/365,88.22%,,,,,,
618,Greatest Hard Winning Pct.,Novak Djokovic,SRB,613-113/726,84.44%,,,,,,
619,Greatest Clay Winning Pct.,Rafael Nadal,ESP,464-43/507,91.52%,,,,,,
620,Greatest Grass Winning Pct.,Roger Federer,SUI,192-29/221,86.88%,,,,,,
622,Greatest Outdoor Winning Pct.,Rafael Nadal,ESP,942-167/1109,84.94%,,,,,,
628,Greatest Hard Winning Pct. in Single Season,Roger Federer,SUI,2005 50-1/51,98.04%,,,,,,
629,Greatest Clay Winning Pct. in Single Season,Rafael Nadal,ESP,2006 26-0/26,100.00%,Bjorn Borg,SWE,1978 25-0/25,Rafael Nadal,ESP,2010 22-0/22
632,Greatest Outdoor Winning Pct. in Single Season,Roger Federer,SUI,2005 67-3/70,95.71%,,,,,,
634,Greatest Winning Pct. at Single Tournament,Novak Djokovic,SRB,Beijing 29-0/29,100.00%,Jimmy Connors,USA,Birmingham 26-0/26,Thomas Muster,AUT,Acapulco 20-0/20
635,Greatest Winning Pct. at Single Grand Slam Tournament,Rafael Nadal,ESP,Roland Garros 105-3/108,97.22%,,,,,,
637,Greatest Winning Pct. at Single ATP 500/CS Tournament,Novak Djokovic,SRB,Beijing 29-0/29,100.00%,,,,,,
644,Greatest Olympics Peak Winning Pct.,Rafael Nadal,ESP,08-08-2016 10-0/10,100.00%,Stefan Edberg,SWE,20-09-1988 9-0/9,Marc Rosset,SUI,22-07-1996 8-0/8
645,Greatest ATP 500/CS Peak Winning Pct.,Rafael Nadal,ESP,30-09-2013 94-10/104,90.38%,,,,,,
651,Greatest Clay Peak Winning Pct.,Rafael Nadal,ESP,13-04-2014 300-21/321,93.46%,,,,,,
654,Greatest Outdoor Peak Winning Pct.,Rafael Nadal,ESP,13-01-2014 614-98/712,86.24%,,,,,,
656,Greatest Peak Winning Pct. Vs No. 1,Rafael Nadal,ESP,15-04-2007 7-3/10,70.00%,,,,,,
660,Grand Slam Winning Streak,Novak Djokovic,SRB,2015 Wimbledon - 2016 Wimbledon,30,,,,,,
666,"Big Tournament Winning Streak (Grand Slam, All Tour Finals, Masters, Olympics)",Novak Djokovic,SRB,2014 Paris Masters - 2015 Roland Garros,43,,,,,,
673,Hard Winning Streak,Roger Federer,SUI,2005 Rotterdam - 2006 Dubai,56,,,,,,
674,Clay Winning Streak,Rafael Nadal,ESP,2005 Monte Carlo Masters - 2007 Hamburg Masters,81,,,,,,
675,Grass Winning Streak,Roger Federer,SUI,2003 Halle - 2008 Wimbledon,65,,,,,,
680,Winning Streak Vs Top 5,Roger Federer,SUI,2003 Masters Cup - 2004 Masters Cup,15,,,,,,
681,Winning Streak Vs Top 10,Roger Federer,SUI,2003 Masters Cup - 2005 Australian Open,24,,,,,,
682,Winning Streak at Single Tournament,Rafael Nadal,ESP,2005 Monte Carlo Masters - 2013 Monte Carlo Masters,46,,,,,,
684,Winning Streak at Single Masters Tournament,Rafael Nadal,ESP,2005 Monte Carlo Masters - 2013 Monte Carlo Masters,46,,,,,,
685,Winning Streak at Single ATP 500/CS Tournament,Rafael Nadal,ESP,2005 Barcelona - 2014 Barcelona,41,,,,,,
687,Most Weeks at ATP No. 1,Novak Djokovic,SRB,,329,,,,,,
688,Most Weeks at ATP No. 2,Rafael Nadal,ESP,,370,,,,,,
689,Most Weeks at ATP No. 3,Roger Federer,SUI,,222,,,,,,
690,Most Weeks at ATP Top 2,Rafael Nadal,ESP,,579,,,,,,
691,Most Weeks at ATP Top 3,Roger Federer,SUI,,750,,,,,,
692,Most Weeks at ATP Top 5,Roger Federer,SUI,,859,,,,,,
693,Most Weeks at ATP Top 10,Roger Federer,SUI,,955,,,,,,
694,Most Weeks at ATP Top 20,Roger Federer,SUI,,1036,,,,,,
695,Most Consecutive Weeks at ATP No. 1,Roger Federer,SUI,02-02-2004 - 10-08-2008,237,,,,,,
696,Most Consecutive Weeks at ATP No. 2,Rafael Nadal,ESP,25-07-2005 - 10-08-2008,160,,,,,,
697,Most Consecutive Weeks at ATP No. 3,Novak Djokovic,SRB,13-08-2007 - 03-05-2009,91,,,,,,
698,Most Consecutive Weeks at ATP Top 2,Roger Federer,SUI,17-11-2003 - 27-06-2010,346,,,,,,
701,Most Consecutive Weeks at ATP Top 10,Rafael Nadal,ESP,25-04-2005 - 11-07-2021,825,,,,,,
702,Most Consecutive Weeks at ATP Top 20,Roger Federer,SUI,23-04-2001 - 11-07-2021,1034,,,,,,
704,Most Ends of Season at ATP No. 2,Rafael Nadal,ESP,,7,,,,,,
706,Most Ends of Season at ATP Top 2,Rafael Nadal,ESP,,12,,,,,,
707,Most Ends of Season at ATP Top 3,Roger Federer,SUI,,15,,,,,,
708,Most Ends of Season at ATP Top 5,Roger Federer,SUI,,16,,,,,,
709,Most Ends of Season at ATP Top 10,Roger Federer,SUI,,18,,,,,,
710,Most Ends of Season at ATP Top 20,Roger Federer,SUI,,20,,,,,,
712,Most Consecutive Ends of Season at ATP No. 2,Rafael Nadal,ESP,2005-2007,3,,,,,,
713,Most Consecutive Ends of Season at ATP No. 3,Novak Djokovic,SRB,2007-2010,4,,,,,,
714,Most Consecutive Ends of Season at ATP Top 2,Roger Federer,SUI,2003-2010,8,,,,,,
718,Most Consecutive Ends of Season at ATP Top 20,Roger Federer,SUI,2001-2020,20,,,,,,
728,Oldest ATP No. 1,Roger Federer,SUI,18-06-2018,36 years 10 mons 10 days,,,,,,
734,Longest Career First ATP No. 1 to Last ATP No. 1,Roger Federer,SUI,02-02-2004 - 18-06-2018,14 years 4 mons 16 days,,,,,,
735,Longest Career First ATP Top 2 to Last ATP Top 2,Rafael Nadal,ESP,25-07-2005 - 03-05-2021,15 years 9 mons 9 days,,,,,,
736,Longest Career First ATP Top 3 to Last ATP Top 3,Roger Federer,SUI,07-07-2003 - 24-02-2020,16 years 7 mons 17 days,,,,,,
737,Longest Career First ATP Top 5 to Last ATP Top 5,Roger Federer,SUI,27-01-2003 - 01-03-2021,18 years 1 mon 5 days,,,,,,
738,Longest Career First ATP Top 10 to Last ATP Top 10,Roger Federer,SUI,20-05-2002 - 12-07-2021,19 years 1 mon 23 days,,,,,,
739,Longest Career First ATP Top 20 to Last ATP Top 20,Roger Federer,SUI,26-02-2001 - 12-07-2021,20 years 4 mons 14 days,,,,,,
746,Oldest End of Season ATP No. 1,Novak Djokovic,SRB,2020,33 years 7 mons 9 days,,,,,,
747,Oldest End of Season ATP Top 2,Roger Federer,SUI,2017,36 years 4 mons 23 days,,,,,,
748,Oldest End of Season ATP Top 3,Roger Federer,SUI,2019,38 years 4 mons 23 days,,,,,,
749,Oldest End of Season ATP Top 5,Roger Federer,SUI,2020,39 years 4 mons 23 days,,,,,,
752,Longest Career First End of Season ATP No. 1 to Last ATP No. 1,Rafael Nadal,ESP,2008-2019,12,,,,,,
753,Longest Career First End of Season ATP Top 2 to Last ATP Top 2,Rafael Nadal,ESP,2005-2020,16,,,,,,
754,Longest Career First End of Season ATP Top 3 to Last ATP Top 3,Roger Federer,SUI,2003-2019,17,,,,,,
755,Longest Career First End of Season ATP Top 5 to Last ATP Top 5,Roger Federer,SUI,2003-2020,18,,,,,,
756,Longest Career First End of Season ATP Top 10 to Last ATP Top 10,Roger Federer,SUI,2002-2020,19,,,,,,
757,Longest Career First End of Season ATP Top 20 to Last ATP Top 20,Roger Federer,SUI,2001-2020,20,,,,,,
758,Most ATP Points,Novak Djokovic,SRB,06-06-2016,16950,,,,,,
759,Most End of Season ATP Points,Novak Djokovic,SRB,2015,16585,,,,,,
760,ATP Points Difference Between No. 1 and No. 2,Novak Djokovic,SRB,09-05-2016,9025,,,,,,
761,ATP Points Pct. Difference Between No. 1 and No. 2,Novak Djokovic,SRB,09-05-2016,119.9%,,,,,,
762,End of Season ATP Points Difference Between No. 1 and No. 2,Novak Djokovic,SRB,2015,7640,,,,,,
763,End of Season ATP Points Pct. Difference Between No. 1 and No. 2,Roger Federer,SUI,2006,87.2%,,,,,,
764,Most Weeks at Open Era No. 1,Novak Djokovic,SRB,,329,,,,,,
765,Most Weeks at Open Era No. 2,Rafael Nadal,ESP,,370,,,,,,
766,Most Weeks at Open Era No. 3,Roger Federer,SUI,,222,,,,,,
767,Most Weeks at Open Era Top 2,Rafael Nadal,ESP,,579,,,,,,
768,Most Weeks at Open Era Top 3,Roger Federer,SUI,,750,,,,,,
769,Most Weeks at Open Era Top 5,Roger Federer,SUI,,859,,,,,,
770,Most Weeks at Open Era Top 10,Roger Federer,SUI,,955,,,,,,
771,Most Weeks at Open Era Top 20,Roger Federer,SUI,,1036,,,,,,
772,Most Consecutive Weeks at Open Era No. 1,Roger Federer,SUI,02-02-2004 - 10-08-2008,237,,,,,,
773,Most Consecutive Weeks at Open Era No. 2,Rafael Nadal,ESP,25-07-2005 - 10-08-2008,160,,,,,,
774,Most Consecutive Weeks at Open Era No. 3,Novak Djokovic,SRB,13-08-2007 - 03-05-2009,91,,,,,,
775,Most Consecutive Weeks at Open Era Top 2,Roger Federer,SUI,17-11-2003 - 27-06-2010,346,,,,,,
778,Most Consecutive Weeks at Open Era Top 10,Rafael Nadal,ESP,25-04-2005 - 11-07-2021,825,,,,,,
779,Most Consecutive Weeks at Open Era Top 20,Roger Federer,SUI,23-04-2001 - 11-07-2021,1034,,,,,,
781,Most Ends of Season at Open Era No. 2,Rafael Nadal,ESP,,7,,,,,,
783,Most Ends of Season at Open Era Top 2,Rafael Nadal,ESP,,12,,,,,,
784,Most Ends of Season at Open Era Top 3,Roger Federer,SUI,,15,,,,,,
785,Most Ends of Season at Open Era Top 5,Roger Federer,SUI,,16,,,,,,
786,Most Ends of Season at Open Era Top 10,Roger Federer,SUI,,18,,,,,,
787,Most Ends of Season at Open Era Top 20,Roger Federer,SUI,,20,,,,,,
789,Most Consecutive Ends of Season at Open Era No. 2,Rafael Nadal,ESP,2005-2007,3,,,,,,
790,Most Consecutive Ends of Season at Open Era No. 3,Novak Djokovic,SRB,2007-2010,4,,,,,,
791,Most Consecutive Ends of Season at Open Era Top 2,Roger Federer,SUI,2003-2010,8,,,,,,
795,Most Consecutive Ends of Season at Open Era Top 20,Roger Federer,SUI,2001-2020,20,,,,,,
811,Longest Career First Open Era No. 1 to Last Open Era No. 1,Roger Federer,SUI,02-02-2004 - 18-06-2018,14 years 4 mons 16 days,,,,,,
812,Longest Career First Open Era Top 2 to Last Open Era Top 2,Rafael Nadal,ESP,25-07-2005 - 03-05-2021,15 years 9 mons 9 days,,,,,,
813,Longest Career First Open Era Top 3 to Last Open Era Top 3,Roger Federer,SUI,07-07-2003 - 24-02-2020,16 years 7 mons 17 days,,,,,,
814,Longest Career First Open Era Top 5 to Last Open Era Top 5,Roger Federer,SUI,27-01-2003 - 01-03-2021,18 years 1 mon 5 days,,,,,,
815,Longest Career First Open Era Top 10 to Last Open Era Top 10,Roger Federer,SUI,20-05-2002 - 12-07-2021,19 years 1 mon 23 days,,,,,,
816,Longest Career First Open Era Top 20 to Last Open Era Top 20,Roger Federer,SUI,26-02-2001 - 12-07-2021,20 years 4 mons 14 days,,,,,,
823,Oldest End of Season Open Era No. 1,Novak Djokovic,SRB,2020,33 years 7 mons 9 days,,,,,,
825,Oldest End of Season Open Era Top 3,Roger Federer,SUI,2019,38 years 4 mons 23 days,,,,,,
826,Oldest End of Season Open Era Top 5,Roger Federer,SUI,2020,39 years 4 mons 23 days,,,,,,
829,Longest Career First End of Season Open Era No. 1 to Last Open Era No. 1,Rafael Nadal,ESP,2008-2019,12,,,,,,
830,Longest Career First End of Season Open Era Top 2 to Last Open Era Top 2,Rafael Nadal,ESP,2005-2020,16,,,,,,
831,Longest Career First End of Season Open Era Top 3 to Last Open Era Top 3,Roger Federer,SUI,2003-2019,17,,,,,,
832,Longest Career First End of Season Open Era Top 5 to Last Open Era Top 5,Roger Federer,SUI,2003-2020,18,,,,,,
833,Longest Career First End of Season Open Era Top 10 to Last Open Era Top 10,Roger Federer,SUI,2002-2020,19,,,,,,
834,Longest Career First End of Season Open Era Top 20 to Last Open Era Top 20,Roger Federer,SUI,2001-2020,20,,,,,,
835,Most Weeks at Elo No. 1,Roger Federer,SUI,,365,,,,,,
836,Most Weeks at Elo No. 2,Rafael Nadal,ESP,,393,,,,,,
837,Most Weeks at Elo No. 3,Roger Federer,SUI,,311,,,,,,
838,Most Weeks at Elo Top 2,Roger Federer,SUI,,579,,,,,,
839,Most Weeks at Elo Top 3,Roger Federer,SUI,,889,,,,,,
840,Most Weeks at Elo Top 5,Roger Federer,SUI,,955,,,,,,
841,Most Weeks at Elo Top 10,Roger Federer,SUI,,1000,,,,,,
842,Most Weeks at Elo Top 20,Roger Federer,SUI,,1041,,,,,,
844,Most Consecutive Weeks at Elo No. 2,Rafael Nadal,ESP,30-09-2005 - 07-06-2008,141,,,,,,
845,Most Consecutive Weeks at Elo No. 3,Roger Federer,SUI,20-05-2019 - 11-07-2021,91,,,,,,
848,Most Consecutive Weeks at Elo Top 5,Roger Federer,SUI,17-02-2003 - 11-07-2021,937,,,,,,
850,Most Consecutive Weeks at Elo Top 20,Roger Federer,SUI,19-02-2001 - 11-07-2021,1041,,,,,,
851,Most Ends of Season at Elo No. 1,Roger Federer,SUI,,8,,,,,,
852,Most Ends of Season at Elo No. 2,Rafael Nadal,ESP,,8,,,,,,
853,Most Ends of Season at Elo No. 3,Roger Federer,SUI,,6,,,,,,
854,Most Ends of Season at Elo Top 2,Roger Federer,SUI,11,11,Novak Djokovic,SRB,11,Rafael Nadal,ESP,11
855,Most Ends of Season at Elo Top 3,Roger Federer,SUI,,17,,,,,,
856,Most Ends of Season at Elo Top 5,Roger Federer,SUI,,19,,,,,,
859,Most Consecutive Ends of Season at Elo No. 1,Novak Djokovic,SRB,2011-2016,6,,,,,,
860,Most Consecutive Ends of Season at Elo No. 2,Rafael Nadal,ESP,2005-2007,3,Rafael Nadal,ESP,2012-2014,Novak Djokovic,SRB,2017-2019
863,Most Consecutive Ends of Season at Elo Top 3,Novak Djokovic,SRB,2009-2020,12,,,,,,
864,Most Consecutive Ends of Season at Elo Top 5,Roger Federer,SUI,2002-2020,19,,,,,,
871,Youngest Elo Top 2,Rafael Nadal,ESP,15-08-2005,19 years 2 mons 12 days,,,,,,
882,Longest Career First Elo No. 1 to Last Elo No. 1,Roger Federer,SUI,11-08-2003 - 06-08-2018,14 years 11 mons 26 days,,,,,,
883,Longest Career First Elo Top 2 to Last Elo Top 2,Rafael Nadal,ESP,15-08-2005 - 12-07-2021,15 years 10 mons 28 days,,,,,,
884,Longest Career First Elo Top 3 to Last Elo Top 3,Roger Federer,SUI,27-05-2002 - 12-07-2021,19 years 1 mon 16 days,,,,,,
885,Longest Career First Elo Top 5 to Last Elo Top 5,Roger Federer,SUI,12-04-2002 - 12-07-2021,19 years 3 mons,,,,,,
886,Longest Career First Elo Top 10 to Last Elo Top 10,Roger Federer,SUI,14-05-2001 - 12-07-2021,20 years 1 mon 29 days,,,,,,
887,Longest Career First Elo Top 20 to Last Elo Top 20,Roger Federer,SUI,19-02-2001 - 12-07-2021,20 years 4 mons 21 days,,,,,,
888,Highest Elo Rating,Novak Djokovic,SRB,01-02-2016,2629,,,,,,
889,Highest End of Season Elo Rating,Novak Djokovic,SRB,2015,2603,,,,,,
890,Elo Rating Difference Between No. 1 and No. 2,Roger Federer,SUI,05-03-2007,280,,,,,,
891,Elo Rating Pct. Difference Between No. 1 and No. 2,Roger Federer,SUI,05-03-2007,12.3%,,,,,,
892,End of Season Elo Rating Difference Between No. 1 and No. 2,Roger Federer,SUI,2006,221,,,,,,
893,End of Season Elo Rating Pct. Difference Between No. 1 and No. 2,Roger Federer,SUI,2006,9.6%,,,,,,
894,Most Weeks at Hard Elo No. 1,Roger Federer,SUI,,456,,,,,,
895,Most Weeks at Hard Elo No. 2,Roger Federer,SUI,,244,,,,,,
897,Most Weeks at Hard Elo Top 2,Roger Federer,SUI,,699,,,,,,
898,Most Weeks at Hard Elo Top 3,Roger Federer,SUI,,836,,,,,,
899,Most Weeks at Hard Elo Top 5,Roger Federer,SUI,,954,,,,,,
902,Most Consecutive Weeks at Hard Elo No. 1,Roger Federer,SUI,17-11-2003 - 12-03-2009,279,,,,,,
903,Most Consecutive Weeks at Hard Elo No. 2,Roger Federer,SUI,12-10-2014 - 06-11-2016,110,,,,,,
905,Most Consecutive Weeks at Hard Elo Top 2,Novak Djokovic,SRB,10-01-2011 - 11-07-2021,526,,,,,,
907,Most Consecutive Weeks at Hard Elo Top 5,Roger Federer,SUI,14-10-2002 - 27-06-2021,954,,,,,,
909,Most Consecutive Weeks at Hard Elo Top 20,Roger Federer,SUI,30-03-2001 - 27-06-2021,1035,,,,,,
912,Most Times at Hard Elo No. 3,Rafael Nadal,ESP,,23,,,,,,
925,Longest Career First Hard Elo No. 1 to Last Hard Elo No. 1,Roger Federer,SUI,17-11-2003 - 27-08-2018,14 years 9 mons 10 days,,,,,,
926,Longest Career First Hard Elo Top 2 to Last Hard Elo Top 2,Roger Federer,SUI,17-11-2003 - 26-08-2019,15 years 9 mons 9 days,,,,,,
927,Longest Career First Hard Elo Top 3 to Last Hard Elo Top 3,Roger Federer,SUI,17-11-2003 - 08-03-2021,17 years 3 mons 21 days,,,,,,
928,Longest Career First Hard Elo Top 5 to Last Hard Elo Top 5,Roger Federer,SUI,14-10-2002 - 28-06-2021,18 years 8 mons 14 days,,,,,,
929,Longest Career First Hard Elo Top 10 to Last Hard Elo Top 10,Roger Federer,SUI,10-09-2001 - 28-06-2021,19 years 9 mons 18 days,,,,,,
931,Highest Hard Elo Rating,Novak Djokovic,SRB,01-08-2016,2670,,,,,,
932,Hard Elo Rating Difference Between No. 1 and No. 2,Roger Federer,SUI,05-03-2007,380,,,,,,
933,Hard Elo Rating Pct. Difference Between No. 1 and No. 2,Roger Federer,SUI,05-03-2007,16.8%,,,,,,
934,Most Weeks at Clay Elo No. 1,Rafael Nadal,ESP,,721,,,,,,
935,Most Weeks at Clay Elo No. 2,Novak Djokovic,SRB,,399,,,,,,
937,Most Weeks at Clay Elo Top 2,Rafael Nadal,ESP,,825,,,,,,
938,Most Weeks at Clay Elo Top 3,Rafael Nadal,ESP,,825,,,,,,
939,Most Weeks at Clay Elo Top 5,Rafael Nadal,ESP,,825,,,,,,
940,Most Weeks at Clay Elo Top 10,Rafael Nadal,ESP,,833,,,,,,
941,Most Weeks at Clay Elo Top 20,Rafael Nadal,ESP,,850,,,,,,
942,Most Consecutive Weeks at Clay Elo No. 1,Rafael Nadal,ESP,09-05-2005 - 09-05-2015,522,,,,,,
943,Most Consecutive Weeks at Clay Elo No. 2,Roger Federer,SUI,08-08-2005 - 07-05-2011,301,,,,,,
944,Most Consecutive Weeks at Clay Elo No. 3,Novak Djokovic,SRB,12-05-2008 - 25-04-2010,103,,,,,,
945,Most Consecutive Weeks at Clay Elo Top 2,Rafael Nadal,ESP,18-04-2005 - 11-07-2021,825,,,,,,
946,Most Consecutive Weeks at Clay Elo Top 3,Rafael Nadal,ESP,18-04-2005 - 11-07-2021,825,,,,,,
947,Most Consecutive Weeks at Clay Elo Top 5,Rafael Nadal,ESP,18-04-2005 - 11-07-2021,825,,,,,,
948,Most Consecutive Weeks at Clay Elo Top 10,Rafael Nadal,ESP,21-02-2005 - 11-07-2021,833,,,,,,
949,Most Consecutive Weeks at Clay Elo Top 20,Rafael Nadal,ESP,10-12-2004 - 11-07-2021,843,,,,,,
965,Longest Career First Clay Elo No. 1 to Last Clay Elo No. 1,Rafael Nadal,ESP,09-05-2005 - 12-07-2021,16 years 2 mons 3 days,,,,,,
966,Longest Career First Clay Elo Top 2 to Last Clay Elo Top 2,Rafael Nadal,ESP,18-04-2005 - 12-07-2021,16 years 2 mons 24 days,,,,,,
967,Longest Career First Clay Elo Top 3 to Last Clay Elo Top 3,Rafael Nadal,ESP,18-04-2005 - 12-07-2021,16 years 2 mons 24 days,,,,,,
968,Longest Career First Clay Elo Top 5 to Last Clay Elo Top 5,Roger Federer,SUI,17-05-2004 - 09-11-2020,16 years 5 mons 23 days,,,,,,
969,Longest Career First Clay Elo Top 10 to Last Clay Elo Top 10,Roger Federer,SUI,12-05-2003 - 12-07-2021,18 years 2 mons,,,,,,
970,Longest Career First Clay Elo Top 20 to Last Clay Elo Top 20,Roger Federer,SUI,20-05-2002 - 12-07-2021,19 years 1 mon 23 days,,,,,,
971,Highest Clay Elo Rating,Rafael Nadal,ESP,10-06-2013,2669,,,,,,
972,Clay Elo Rating Difference Between No. 1 and No. 2,Rafael Nadal,ESP,25-04-2011,288,,,,,,
974,Most Weeks at Grass Elo No. 1,Roger Federer,SUI,,523,,,,,,
977,Most Weeks at Grass Elo Top 2,Roger Federer,SUI,,812,,,,,,
978,Most Weeks at Grass Elo Top 3,Roger Federer,SUI,,916,,,,,,
979,Most Weeks at Grass Elo Top 5,Roger Federer,SUI,,917,,,,,,
982,Most Consecutive Weeks at Grass Elo No. 1,Roger Federer,SUI,21-06-2004 - 23-06-2013,472,,,,,,
985,Most Consecutive Weeks at Grass Elo Top 2,Roger Federer,SUI,14-06-2004 - 05-06-2016,625,,,,,,
986,Most Consecutive Weeks at Grass Elo Top 3,Roger Federer,SUI,14-07-2003 - 11-07-2021,916,,,,,,
987,Most Consecutive Weeks at Grass Elo Top 5,Roger Federer,SUI,07-07-2003 - 11-07-2021,917,,,,,,
988,Most Consecutive Weeks at Grass Elo Top 10,Roger Federer,SUI,07-07-2003 - 11-07-2021,917,,,,,,
989,Most Consecutive Weeks at Grass Elo Top 20,Roger Federer,SUI,16-06-2003 - 11-07-2021,920,,,,,,
1005,Longest Career First Grass Elo No. 1 to Last Grass Elo No. 1,Roger Federer,SUI,21-06-2004 - 02-07-2018,14 years 11 days,,,,,,
1006,Longest Career First Grass Elo Top 2 to Last Grass Elo Top 2,Roger Federer,SUI,14-06-2004 - 12-07-2021,17 years 28 days,,,,,,
1007,Longest Career First Grass Elo Top 3 to Last Grass Elo Top 3,Roger Federer,SUI,14-07-2003 - 12-07-2021,17 years 11 mons 29 days,,,,,,
1008,Longest Career First Grass Elo Top 5 to Last Grass Elo Top 5,Roger Federer,SUI,07-07-2003 - 12-07-2021,18 years 5 days,,,,,,
1012,Grass Elo Rating Difference Between No. 1 and No. 2,Roger Federer,SUI,22-06-2008,277,,,,,,
1013,Grass Elo Rating Pct. Difference Between No. 1 and No. 2,Roger Federer,SUI,16-06-2008,12.2%,,,,,,
1054,Most Weeks at Outdoor Elo No. 1,Novak Djokovic,SRB,,354,,,,,,
1055,Most Weeks at Outdoor Elo No. 2,Rafael Nadal,ESP,,429,,,,,,
1056,Most Weeks at Outdoor Elo No. 3,Roger Federer,SUI,,320,,,,,,
1057,Most Weeks at Outdoor Elo Top 2,Rafael Nadal,ESP,,655,,,,,,
1058,Most Weeks at Outdoor Elo Top 3,Roger Federer,SUI,,827,,,,,,
1059,Most Weeks at Outdoor Elo Top 5,Roger Federer,SUI,,926,,,,,,
1061,Most Weeks at Outdoor Elo Top 20,Roger Federer,SUI,,1023,,,,,,
1063,Most Consecutive Weeks at Outdoor Elo No. 2,Rafael Nadal,ESP,22-07-2005 - 09-03-2008,139,,,,,,
1064,Most Consecutive Weeks at Outdoor Elo No. 3,Roger Federer,SUI,10-09-2018 - 11-07-2021,127,,,,,,
1066,Most Consecutive Weeks at Outdoor Elo Top 3,Rafael Nadal,ESP,09-05-2005 - 03-05-2015,521,,,,,,
1067,Most Consecutive Weeks at Outdoor Elo Top 5,Roger Federer,SUI,16-06-2003 - 11-07-2021,920,,,,,,
1069,Most Consecutive Weeks at Outdoor Elo Top 20,Roger Federer,SUI,25-06-2001 - 11-07-2021,1023,,,,,,
1074,Youngest Outdoor Elo Top 2,Rafael Nadal,ESP,06-06-2005,19 years 3 days,,,,,,
1075,Youngest Outdoor Elo Top 3,Rafael Nadal,ESP,09-05-2005,18 years 11 mons 6 days,,,,,,
1085,Longest Career First Outdoor Elo No. 1 to Last Outdoor Elo No. 1,Roger Federer,SUI,17-11-2003 - 28-05-2018,14 years 6 mons 11 days,,,,,,
1086,Longest Career First Outdoor Elo Top 2 to Last Outdoor Elo Top 2,Rafael Nadal,ESP,06-06-2005 - 12-07-2021,16 years 1 mon 6 days,,,,,,
1087,Longest Career First Outdoor Elo Top 3 to Last Outdoor Elo Top 3,Roger Federer,SUI,04-08-2003 - 12-07-2021,17 years 11 mons 8 days,,,,,,
1088,Longest Career First Outdoor Elo Top 5 to Last Outdoor Elo Top 5,Roger Federer,SUI,20-05-2002 - 12-07-2021,19 years 1 mon 23 days,,,,,,
1089,Longest Career First Outdoor Elo Top 10 to Last Outdoor Elo Top 10,Roger Federer,SUI,14-01-2002 - 12-07-2021,19 years 5 mons 29 days,,,,,,
1090,Longest Career First Outdoor Elo Top 20 to Last Outdoor Elo Top 20,Roger Federer,SUI,25-06-2001 - 12-07-2021,20 years 17 days,,,,,,
1094,Most Weeks at Indoor Elo No. 1,Roger Federer,SUI,,453,,,,,,
1095,Most Weeks at Indoor Elo No. 2,Roger Federer,SUI,,350,,,,,,
1097,Most Weeks at Indoor Elo Top 2,Roger Federer,SUI,,802,,,,,,
1098,Most Weeks at Indoor Elo Top 3,Roger Federer,SUI,,879,,,,,,
1099,Most Weeks at Indoor Elo Top 5,Roger Federer,SUI,,891,,,,,,
1100,Most Weeks at Indoor Elo Top 10,Roger Federer,SUI,,928,,,,,,
1106,Most Consecutive Weeks at Indoor Elo Top 3,Roger Federer,SUI,14-02-2003 - 20-11-2016,719,,,,,,
1107,Most Consecutive Weeks at Indoor Elo Top 5,Roger Federer,SUI,18-11-2002 - 20-11-2016,732,,,,,,
1119,Oldest Indoor Elo No. 1,Roger Federer,SUI,18-04-2021,39 years 8 mons 10 days,,,,,,
1120,Oldest Indoor Elo Top 2,Roger Federer,SUI,18-04-2021,39 years 8 mons 10 days,,,,,,
1121,Oldest Indoor Elo Top 3,Roger Federer,SUI,18-04-2021,39 years 8 mons 10 days,,,,,,
1122,Oldest Indoor Elo Top 5,Roger Federer,SUI,18-04-2021,39 years 8 mons 10 days,,,,,,
1125,Longest Career First Indoor Elo No. 1 to Last Indoor Elo No. 1,Roger Federer,SUI,13-10-2003 - 18-04-2021,17 years 6 mons 5 days,,,,,,
1126,Longest Career First Indoor Elo Top 2 to Last Indoor Elo Top 2,Roger Federer,SUI,14-02-2003 - 18-04-2021,18 years 2 mons 4 days,,,,,,
1127,Longest Career First Indoor Elo Top 3 to Last Indoor Elo Top 3,Roger Federer,SUI,14-02-2003 - 18-04-2021,18 years 2 mons 4 days,,,,,,
1128,Longest Career First Indoor Elo Top 5 to Last Indoor Elo Top 5,Roger Federer,SUI,18-11-2002 - 18-04-2021,18 years 5 mons,,,,,,
1129,Longest Career First Indoor Elo Top 10 to Last Indoor Elo Top 10,Roger Federer,SUI,26-02-2001 - 18-04-2021,20 years 1 mon 20 days,,,,,,
1132,Indoor Elo Rating Difference Between No. 1 and No. 2,Roger Federer,SUI,06-08-2012,268,,,,,,
1133,Indoor Elo Rating Pct. Difference Between No. 1 and No. 2,Roger Federer,SUI,23-07-2012,12.2%,,,,,,
1134,Most Head-to-Head Matches Won,Novak Djokovic,SRB,vs R. Nadal,30,,,,,,
1135,Most Grand Slam Head-to-Head Matches Won,Novak Djokovic,SRB,vs R. Federer,11,,,,,,
1136,Most Tour Finals Head-to-Head Matches Won,Novak Djokovic,SRB,vs T. Berdych,5,,,,,,
1139,Most Masters Head-to-Head Matches Won,Novak Djokovic,SRB,vs R. Nadal,16,,,,,,
1141,"Most Big Tournaments Head-to-Head Matches Won (Grand Slam, All Tour Finals, Masters, Olympics)",Novak Djokovic,SRB,vs R. Nadal,26,Rafael Nadal,ESP,vs N. Djokovic,,,
1146,Most Best of 3 Head-to-Head Matches Won,Novak Djokovic,SRB,vs R. Nadal,23,,,,,,
1147,Most Best of 5 Head-to-Head Matches Won,Rafael Nadal,ESP,vs R. Federer,12,,,,,,
1148,Most Hard Head-to-Head Matches Won,Novak Djokovic,SRB,vs T. Berdych,21,,,,,,
1149,Most Clay Head-to-Head Matches Won,Rafael Nadal,ESP,vs D. Ferrer,20,,,,,,
1150,Most Grass Head-to-Head Matches Won,Roger Federer,SUI,vs M. Youzhny,7,,,,,,
1152,Most Outdoor Head-to-Head Matches Won,Novak Djokovic,SRB,vs R. Nadal,26,Rafael Nadal,ESP,vs N. Djokovic,,,
1155,Greatest Grand Slam Head-to-Head Matches Winning Pct.,Roger Federer,SUI,8-0 vs A. Roddick,100.00%,Roger Federer,SUI,8-0 vs L. Hewitt,,,
1156,Greatest Tour Finals Head-to-Head Matches Winning Pct.,Novak Djokovic,SRB,5-0 vs T. Berdych,100.00%,,,,,,
1158,Greatest Masters Head-to-Head Matches Winning Pct.,Novak Djokovic,SRB,10-0 vs S. Wawrinka,100.00%,Roger Federer,SUI,10-0 vs D. Ferrer,,,
1159,"Greatest Big Tournaments Head-to-Head Matches Winning Pct. (Grand Slam, All Tour Finals, Masters, Olympics)",Roger Federer,SUI,14-0 vs D. Ferrer,100.00%,,,,,,
1162,"Greatest Small Tournaments Head-to-Head Matches Winning Pct. (ATP 500/CS, ATP 250/WS)",Roger Federer,SUI,13-0 vs J. Nieminen,100.00%,,,,,,
1164,Greatest Best of 3 Head-to-Head Matches Winning Pct.,Roger Federer,SUI,16-0 vs D. Ferrer,100.00%,,,,,,
1166,Greatest Hard Head-to-Head Matches Winning Pct.,Novak Djokovic,SRB,21-0 vs T. Berdych,100.00%,,,,,,
1168,Greatest Grass Head-to-Head Matches Winning Pct.,Roger Federer,SUI,7-0 vs M. Youzhny,100.00%,,,,,,
1170,Greatest Outdoor Head-to-Head Matches Winning Pct.,Roger Federer,SUI,16-0 vs M. Youzhny,100.00%,,,,,,
1173,Most Grand Slam Head-to-Head Finals Won,Rafael Nadal,ESP,vs R. Federer,6,,,,,,
1176,Most Masters Head-to-Head Finals Won,Rafael Nadal,ESP,vs R. Federer,7,Novak Djokovic,SRB,vs R. Nadal,Rafael Nadal,ESP,vs N. Djokovic
1177,"Most Big Tournaments Head-to-Head Finals Won (Grand Slam, All Tour Finals, Masters, Olympics)",Rafael Nadal,ESP,vs R. Federer,13,,,,,,
1181,Most Best of 3 Head-to-Head Finals Won,Novak Djokovic,SRB,vs R. Nadal,11,,,,,,
1182,Most Best of 5 Head-to-Head Finals Won,Rafael Nadal,ESP,vs R. Federer,8,,,,,,
1183,Most Hard Head-to-Head Finals Won,Novak Djokovic,SRB,vs R. Nadal,10,,,,,,
1184,Most Clay Head-to-Head Finals Won,Rafael Nadal,ESP,vs R. Federer,11,,,,,,
1187,Most Outdoor Head-to-Head Finals Won,Rafael Nadal,ESP,vs R. Federer,14,Novak Djokovic,SRB,vs R. Nadal,,,
1189,Greatest Head-to-Head Finals Winning Pct.,Rafael Nadal,ESP,8-0 vs D. Ferrer,100.00%,,,,,,
1190,Greatest Grand Slam Head-to-Head Finals Winning Pct.,Roger Federer,SUI,4-0 vs A. Roddick,100.00%,,,,,,
1194,"Greatest Big Tournaments Head-to-Head Finals Winning Pct. (Grand Slam, All Tour Finals, Masters, Olympics)",Roger Federer,SUI,6-0 vs A. Roddick,100.00%,,,,,,
1201,Greatest Clay Head-to-Head Finals Winning Pct.,Rafael Nadal,ESP,8-0 vs D. Ferrer,100.00%,,,,,,
1204,Greatest Outdoor Head-to-Head Finals Winning Pct.,Rafael Nadal,ESP,8-0 vs D. Ferrer,100.00%,,,,,,
1210,Greatest Head-to-Head Series Winning Pct.,Rafael Nadal,ESP,130-2-3/135,97.04%,,,,,,
1213,Most Head-to-Head Series Played Vs Once Top 10,Roger Federer,SUI,,77,,,,,,
1215,Most Head-to-Head Series Won Vs Once Top 5,Roger Federer,SUI,,36,,,,,,
1216,Most Head-to-Head Series Won Vs Once Top 10,Roger Federer,SUI,,64,,,,,,
1217,Greatest Head-to-Head Series Winning Pct. Vs Once No. 1,Rafael Nadal,ESP,6-0-1/7,85.71%,,,,,,
1219,Greatest Head-to-Head Series Winning Pct. Vs Once Top 10,Rafael Nadal,ESP,61-1-2/64,96.09%,,,,,,
1220,Highest  Mean Opponent Rank,Novak Djokovic,SRB,,23.8,,,,,,
1229,Highest Hard  Mean Opponent Rank,Novak Djokovic,SRB,,21.4,,,,,,
1230,Highest Clay  Mean Opponent Rank,Rafael Nadal,ESP,,25.1,,,,,,
1233,Highest Outdoor  Mean Opponent Rank,Novak Djokovic,SRB,,25.3,,,,,,
1265,Highest Clay Top 5 Opponent Rank Pct.,Novak Djokovic,SRB,49/303,16.17%,,,,,,
1282,Highest  Mean Opponent Elo Rating,Novak Djokovic,SRB,,2040.2,,,,,,
1283,Highest Grand Slam  Mean Opponent Elo Rating,Novak Djokovic,SRB,,2030.5,,,,,,
1286,Highest Masters  Mean Opponent Elo Rating,Novak Djokovic,SRB,,2073.8,,,,,,
1291,Highest Hard  Mean Opponent Elo Rating,Novak Djokovic,SRB,,2054.7,,,,,,
1292,Highest Clay  Mean Opponent Elo Rating,Rafael Nadal,ESP,,2024.5,,,,,,
1293,Highest Grass  Mean Opponent Elo Rating,Novak Djokovic,SRB,,2012.0,,,,,,
1295,Highest Outdoor  Mean Opponent Elo Rating,Novak Djokovic,SRB,,2034.7,,,,,,
1302,Highest Outdoor  Mean Opponent Elo Rating in Single Season,Novak Djokovic,SRB,2011,2086.5,,,,,,
1308,Highest Mean Opponent Elo Rating Winning Masters Title,Novak Djokovic,SRB,2007 Canada Masters,2237.8,,,,,,
1316,Most Tour Finals Bagels Scored,Roger Federer,SUI,,9,,,,,,
1318,Most Masters Bagels Scored,Novak Djokovic,SRB,,39,,,,,,
1323,Most Bagels Scored Vs No. 1,Rafael Nadal,ESP,,3,,,,,,
1325,Most Bagels Scored Vs Top 10,Roger Federer,SUI,,27,,,,,,
1329,Greatest Tour Finals Bagels Scored Pct.,Roger Federer,SUI,9-177/186,4.84%,,,,,,
1341,Most Grand Slam Breadsticks Scored,Novak Djokovic,SRB,,141,,,,,,
1342,Most Tour Finals Breadsticks Scored,Roger Federer,SUI,,16,,,,,,
1344,Most Masters Breadsticks Scored,Rafael Nadal,ESP,,121,,,,,,
1349,Most Breadsticks Scored Vs No. 1,Rafael Nadal,ESP,,6,,,,,,
1350,Most Breadsticks Scored Vs Top 5,Novak Djokovic,SRB,,32,,,,,,
1351,Most Breadsticks Scored Vs Top 10,Novak Djokovic,SRB,,63,,,,,,
1355,Greatest Tour Finals Breadsticks Scored Pct.,Novak Djokovic,SRB,12-111/123,9.76%,,,,,,
1366,Most GOAT Points,Novak Djokovic,SRB,,941,,,,,,
1367,Most Tournament GOAT Points,Roger Federer,SUI,,566,,,,,,
1368,Most Ranking GOAT Points,Novak Djokovic,SRB,,202,,,,,,
1369,Most Year-End Ranking GOAT Points,Roger Federer,SUI,,83,,,,,,
1370,Most Weeks at No. 1 GOAT Points,Novak Djokovic,SRB,,33,,,,,,
1371,Most Weeks at Elo Top 5 GOAT Points,Roger Federer,SUI,,59,,,,,,
1373,Most Achievements GOAT Points,Novak Djokovic,SRB,,222,,,,,,
1374,Most Grand Slam GOAT Points,Novak Djokovic,SRB,,42,,,,,,
1375,Most Big Wins GOAT Points,Novak Djokovic,SRB,,45,,,,,,
1376,Most Head-to-Head GOAT Points,Novak Djokovic,SRB,,26,,,,,,
1377,Most Records GOAT Points,Novak Djokovic,SRB,,77,,,,,,
1378,Most Best Seasons GOAT Points,Novak Djokovic,SRB,,9,,,,,,
1379,Most Greatest Rivalries GOAT Points,Novak Djokovic,SRB,,8,,,,,,
1381,Most Statistics GOAT Points,Rafael Nadal,ESP,,9,,,,,,
1382,Most GOAT Points in Single Season,Novak Djokovic,SRB,2015,91,,,,,,
1383,Most Tournament GOAT Points in Single Season,Novak Djokovic,SRB,2015,64,,,,,,
1388,Most Big Wins GOAT Points in Single Season,Novak Djokovic,SRB,2015,7.4,,,,,,
1390,Longest First GOAT Point to Last GOAT Point,Roger Federer,SUI,2001-2021,21,,,,,,
1391,Most Consecutive Seasons With at Least One GOAT Point,Roger Federer,SUI,2001-2021,21,,,,,,
1392,Most Hard GOAT Points,Roger Federer,SUI,,471,,,,,,
1393,Most Hard Tournament GOAT Points,Roger Federer,SUI,,370,,,,,,
1394,Most Hard Ranking GOAT Points,Roger Federer,SUI,,48,,,,,,
1395,Most Hard Weeks at Elo Top 5 GOAT Points,Roger Federer,SUI,,32,,,,,,
1396,Most Hard Peak Elo Rating GOAT Points,Novak Djokovic,SRB,,16,,,,,,
1397,Most Hard Achievements GOAT Points,Novak Djokovic,SRB,,70,,,,,,
1398,Most Hard Big Wins GOAT Points,Novak Djokovic,SRB,,31,,,,,,
1399,Most Hard Head-to-Head GOAT Points,Novak Djokovic,SRB,,13,,,,,,
1400,Most Hard Records GOAT Points,Novak Djokovic,SRB,,14,,,,,,
1401,Most Hard Best Seasons GOAT Points,Novak Djokovic,SRB,,6,,,,,,
1402,Most Hard Greatest Rivalries GOAT Points,Novak Djokovic,SRB,,6,,,,,,
1403,Most Clay GOAT Points,Rafael Nadal,ESP,,400,,,,,,
1404,Most Clay Tournament GOAT Points,Rafael Nadal,ESP,,275,,,,,,
1405,Most Clay Ranking GOAT Points,Rafael Nadal,ESP,,59,,,,,,
1406,Most Clay Weeks at Elo Top 5 GOAT Points,Rafael Nadal,ESP,,39,,,,,,
1407,Most Clay Peak Elo Rating GOAT Points,Rafael Nadal,ESP,,16,,,,,,
1408,Most Clay Achievements GOAT Points,Rafael Nadal,ESP,,66,,,,,,
1409,Most Clay Big Wins GOAT Points,Rafael Nadal,ESP,,24,,,,,,
1410,Most Clay Head-to-Head GOAT Points,Rafael Nadal,ESP,,15,,,,,,
1411,Most Clay Records GOAT Points,Rafael Nadal,ESP,,18,,,,,,
1413,Most Clay Greatest Rivalries GOAT Points,Rafael Nadal,ESP,,7,,,,,,
1414,Most Grass GOAT Points,Roger Federer,SUI,,185,,,,,,
1415,Most Grass Tournament GOAT Points,Roger Federer,SUI,,104,,,,,,
1416,Most Grass Ranking GOAT Points,Roger Federer,SUI,,48,,,,,,
1417,Most Grass Weeks at Elo Top 5 GOAT Points,Roger Federer,SUI,,35,,,,,,
1419,Most Grass Achievements GOAT Points,Roger Federer,SUI,,33,,,,,,
1420,Most Grass Big Wins GOAT Points,Roger Federer,SUI,,8,,,,,,
1422,Most Grass Records GOAT Points,Roger Federer,SUI,,15,,,,,,
1436,Most Records,Roger Federer,SUI,,340,,,,,,
1,Most Grand Slam Titles,Roger Federer,SUI,20,20,Rafael Nadal,ESP,20,Novak Djokovic,SRB,20
5,Most Masters Titles,Novak Djokovic,SRB,36,36,Rafael Nadal,ESP,36,,,
9,Most ATP 500/CS Titles,Ivan Lendl,USA,24,24,Roger Federer,SUI,24,,,
46,Most ATP 250/WS Titles at Single Tournament,Guillermo Vilas,ARG,Buenos Aires,7,Roger Federer,SUI,Halle,,,
50,Most Different Masters Slot Titles,Ivan Lendl,USA,9,9,Novak Djokovic,SRB,9,,,
88,Most Outdoor Finals,Roger Federer,SUI,118,118,Rafael Nadal,ESP,118,,,
101,Most Grand Slam Finals in Single Season,Rod Laver,AUS,1969,4,Roger Federer,SUI,2006,Roger Federer,SUI,2007
105,Most Hard Finals in Single Season,Jimmy Connors,USA,1973,11,Novak Djokovic,SRB,2015,,,
113,Most Masters Finals at Single Tournament,Rafael Nadal,ESP,Monte Carlo Masters,12,Rafael Nadal,ESP,Rome Masters,,,
115,Most ATP 250/WS Finals at Single Tournament,Guillermo Vilas,ARG,Buenos Aires,9,Roger Federer,SUI,Halle,,,
144,Most Masters Semi-Finals in Single Season,Rafael Nadal,ESP,2013,8,Novak Djokovic,SRB,2015,,,
145,"Most Big Semi-Finals in Single Season (Grand Slam, All Tour Finals, Masters, Olympics)",Novak Djokovic,SRB,2012,13,Novak Djokovic,SRB,2015,,,
150,Most Semi-Finals at Single Tournament,Roger Federer,SUI,Basel,16,Roger Federer,SUI,Tour Finals,,,
173,Most Masters Quarter-Finals in Single Season,Novak Djokovic,SRB,2009,9,Rafael Nadal,ESP,2009,,,
175,Most Hard Quarter-Finals in Single Season,Jimmy Connors,USA,1973,13,Novak Djokovic,SRB,2009,,,
181,Most Masters Quarter-Finals at Single Tournament,Rafael Nadal,ESP,Monte Carlo Masters,16,Rafael Nadal,ESP,Rome Masters,,,
205,Most Entries at Single Tournament,Jimmy Connors,USA,US Open,22,Roger Federer,SUI,Wimbledon,,,
206,Most Grand Slam Entries at Single Tournament,Jimmy Connors,USA,US Open,22,Roger Federer,SUI,Wimbledon,,,
261,Grand Slam Title Streak,Rod Laver,AUS,1969 Australian Open - 1969 US Open,4,Novak Djokovic,SRB,2015 Wimbledon - 2016 Roland Garros,,,
267,"Big Title Streak (Grand Slam, All Tour Finals, Masters, Olympics)",Novak Djokovic,SRB,2014 Paris Masters - 2015 Rome Masters,7,Novak Djokovic,SRB,2015 US Open - 2016 Miami Masters,,,
277,Title Streak at Single Tournament,Rafael Nadal,ESP,2005 Monte Carlo Masters - 2012 Monte Carlo Masters,8,Rafael Nadal,ESP,2005 Barcelona - 2013 Barcelona,,,
278,Title Streak at Single Grand Slam Tournament,Bjorn Borg,SWE,1976 Wimbledon - 1980 Wimbledon,5,Roger Federer,SUI,2003 Wimbledon - 2007 Wimbledon,Roger Federer,SUI,2004 US Open - 2008 US Open
293,Hard Final Streak,Roger Federer,SUI,2005 Rotterdam - 2006 Canada Masters,13,Novak Djokovic,SRB,2015 Australian Open - 2016 Australian Open,,,
297,Outdoor Final Streak,Roger Federer,SUI,2005 Halle - 2006 Canada Masters,15,Novak Djokovic,SRB,2015 Australian Open - 2016 Australian Open,,,
303,Final Streak at Single ATP 250/WS Tournament,Guillermo Vilas,ARG,1972 Buenos Aires - 1982 Buenos Aires,9,Roger Federer,SUI,2003 Halle - 2014 Halle,,,
314,"Small Semi-Final Streak (ATP 500/CS, ATP 250/WS)",Ivan Lendl,USA,1981 Las Vegas - 1982 Madrid,18,Roger Federer,SUI,2008 Estoril - 2012 Basel,,,
315,Hard Semi-Final Streak,Jimmy Connors,USA,1973 Boston - 1975 Stockholm,18,Roger Federer,SUI,2004 US Open - 2006 Canada Masters,,,
406,Longest Tour Finals First Title to Last Title,Pete Sampras,USA,12-11-1991 Tour Finals - 22-11-1999 Tour Finals,8 years 10 days,Roger Federer,SUI,10-11-2003 Masters Cup - 20-11-2011 Tour Finals,,,
456,Least Sets Lost Winning Grass Title,Bjorn Borg,SWE,1976 Wimbledon,0,Roger Federer,SUI,2017 Wimbledon,,,
460,Titles Won W/O Losing Set,Ivan Lendl,USA,,28,Rafael Nadal,ESP,,,,
468,Hard Titles Won W/O Losing Set,Roger Federer,SUI,,15,Novak Djokovic,SRB,,,,
470,Grass Titles Won W/O Losing Set,Jimmy Connors,USA,,4,Roger Federer,SUI,,,,
506,ATP 250/WS Titles Won W/O Break Against,Richard Krajicek,NED,,2,Roger Federer,SUI,,Milos Raonic,CAN,
545,Most Matches Played at Single Masters Tournament,Roger Federer,SUI,Indian Wells Masters,79,Rafael Nadal,ESP,Monte Carlo Masters,,,
579,Most Matches Won Vs Top 10,Novak Djokovic,SRB,223,223,Roger Federer,SUI,223,,,
581,Most Hard Matches Won in Single Season,Roger Federer,SUI,2006,59,Novak Djokovic,SRB,2015,,,
590,Most Matches Won at Single Tournament,Rafael Nadal,ESP,Roland Garros,105,Roger Federer,SUI,Wimbledon,,,
591,Most Matches Won at Single Grand Slam Tournament,Rafael Nadal,ESP,Roland Garros,105,Roger Federer,SUI,Wimbledon,,,
661,Tour Finals Winning Streak,Ivan Lendl,USA,1985 Masters - 1988 Masters,15,Novak Djokovic,SRB,2012 Tour Finals - 2015 Tour Finals,,,
670,Davis Cup Winning Streak,Bjorn Borg,SWE,1973 Davis Cup EUR - 1980 Davis Cup EUR,29,Rafael Nadal,ESP,2004 Davis Cup WG - 2019 Davis Cup Finals,,,
703,Most Ends of Season at ATP No. 1,Pete Sampras,USA,6,6,Novak Djokovic,SRB,6,,,
705,Most Ends of Season at ATP No. 3,Ivan Lendl,USA,4,4,Novak Djokovic,SRB,4,Roger Federer,SUI,4
717,Most Consecutive Ends of Season at ATP Top 10,Jimmy Connors,USA,1973-1988,16,Rafael Nadal,ESP,2005-2020,,,
780,Most Ends of Season at Open Era No. 1,Pete Sampras,USA,6,6,Novak Djokovic,SRB,6,,,
782,Most Ends of Season at Open Era No. 3,Ivan Lendl,USA,4,4,Novak Djokovic,SRB,4,Roger Federer,SUI,4
794,Most Consecutive Ends of Season at Open Era Top 10,Jimmy Connors,USA,1973-1988,16,Rafael Nadal,ESP,2005-2020,,,
854,Most Ends of Season at Elo Top 2,Roger Federer,SUI,11,11,Novak Djokovic,SRB,11,Rafael Nadal,ESP,11
860,Most Consecutive Ends of Season at Elo No. 2,Rafael Nadal,ESP,2005-2007,3,Rafael Nadal,ESP,2012-2014,Novak Djokovic,SRB,2017-2019
862,Most Consecutive Ends of Season at Elo Top 2,Pete Sampras,USA,1992-2001,10,Novak Djokovic,SRB,2011-2020,,,
1141,"Most Big Tournaments Head-to-Head Matches Won (Grand Slam, All Tour Finals, Masters, Olympics)",Novak Djokovic,SRB,vs R. Nadal,26,Rafael Nadal,ESP,vs N. Djokovic,,,
1152,Most Outdoor Head-to-Head Matches Won,Novak Djokovic,SRB,vs R. Nadal,26,Rafael Nadal,ESP,vs N. Djokovic,,,
1155,Greatest Grand Slam Head-to-Head Matches Winning Pct.,Roger Federer,SUI,8-0 vs A. Roddick,100.00%,Roger Federer,SUI,8-0 vs L. Hewitt,,,
1157,Greatest All Tour Finals Head-to-Head Matches Winning Pct. (Official and Alternative),Pete Sampras,USA,5-0 vs G. Ivanisevic,100.00%,Novak Djokovic,SRB,5-0 vs T. Berdych,,,
1158,Greatest Masters Head-to-Head Matches Winning Pct.,Novak Djokovic,SRB,10-0 vs S. Wawrinka,100.00%,Roger Federer,SUI,10-0 vs D. Ferrer,,,
1161,Greatest ATP 250/WS Head-to-Head Matches Winning Pct.,Jimmy Connors,USA,9-0 vs I. Fletcher,100.00%,Roger Federer,SUI,9-0 vs J. Nieminen,,,
1172,Most Head-to-Head Finals Won,Rod Laver,AUS,vs K. Rosewall,15,Novak Djokovic,SRB,vs R. Nadal,,,
1176,Most Masters Head-to-Head Finals Won,Rafael Nadal,ESP,vs R. Federer,7,Novak Djokovic,SRB,vs R. Nadal,Rafael Nadal,ESP,vs N. Djokovic
1187,Most Outdoor Head-to-Head Finals Won,Rafael Nadal,ESP,vs R. Federer,14,Novak Djokovic,SRB,vs R. Nadal,,,
1199,Greatest Best of 5 Head-to-Head Finals Winning Pct.,Bjorn Borg,SWE,4-0 vs M. Orantes,100.00%,Roger Federer,SUI,4-0 vs A. Roddick,,,
1202,Greatest Grass Head-to-Head Finals Winning Pct.,Rod Laver,AUS,3-0 vs J. Newcombe,100.00%,Roger Federer,SUI,3-0 vs A. Roddick,Novak Djokovic,SRB,3-0 vs R. Federer
1421,Most Grass Head-to-Head GOAT Points,Rod Laver,AUS,10,10,Roger Federer,SUI,10,,,
1,Most Grand Slam Titles,Roger Federer,SUI,20,20,Rafael Nadal,ESP,20,Novak Djokovic,SRB,20
49,Most Different Grand Slam Titles,Rod Laver,AUS,4,4,Andre Agassi,USA,4,Roger Federer,SUI,4
101,Most Grand Slam Finals in Single Season,Rod Laver,AUS,1969,4,Roger Federer,SUI,2006,Roger Federer,SUI,2007
119,Most Different Masters Slot Finals,Ivan Lendl,USA,9,9,Boris Becker,GER,9,Roger Federer,SUI,9
131,Most Olympics Semi-Finals,Stefan Edberg,SWE,2,2,Fernando Gonzalez,CHI,2,Novak Djokovic,SRB,2
189,Most Olympics Entries,Goran Ivanisevic,CRO,4,4,Andrei Pavel,ROU,4,Roger Federer,SUI,4
264,All Tour Finals Title Streak (Official and Alternative),John McEnroe,USA,1983 Dallas WCT - 1984 Masters,4,Ivan Lendl,USA,1985 Dallas - 1987 Masters,Novak Djokovic,SRB,2012 Tour Finals - 2015 Tour Finals
278,Title Streak at Single Grand Slam Tournament,Bjorn Borg,SWE,1976 Wimbledon - 1980 Wimbledon,5,Roger Federer,SUI,2003 Wimbledon - 2007 Wimbledon,Roger Federer,SUI,2004 US Open - 2008 US Open
310,Olympics Semi-Final Streak,Stefan Edberg,SWE,1984 Los Angeles Olympics - 1988 Seoul Olympics,2,Fernando Gonzalez,CHI,2004 Athens Olympics - 2008 Beijing Olympics,Novak Djokovic,SRB,2008 Beijing Olympics - 2012 London Olympics
587,Most Matches Won Vs No. 1 in Single Season,Roy Emerson,AUS,1968,5,Tony Roche,AUS,1969,Novak Djokovic,SRB,2011
629,Greatest Clay Winning Pct. in Single Season,Rafael Nadal,ESP,2006 26-0/26,100.00%,Bjorn Borg,SWE,1978 25-0/25,Rafael Nadal,ESP,2010 22-0/22
679,Winning Streak Vs No. 1,Ivan Lendl,USA,1981 Masters - 1982 Masters,5,Boris Becker,GER,1988 Wimbledon - 1990 Stuttgart Indoor,Rafael Nadal,ESP,2005 Roland Garros - 2006 Roland Garros
705,Most Ends of Season at ATP No. 3,Ivan Lendl,USA,4,4,Novak Djokovic,SRB,4,Roger Federer,SUI,4
782,Most Ends of Season at Open Era No. 3,Ivan Lendl,USA,4,4,Novak Djokovic,SRB,4,Roger Federer,SUI,4
854,Most Ends of Season at Elo Top 2,Roger Federer,SUI,11,11,Novak Djokovic,SRB,11,Rafael Nadal,ESP,11
858,Most Ends of Season at Elo Top 20,Jimmy Connors,USA,20,20,Andre Agassi,USA,20,Roger Federer,SUI,20
860,Most Consecutive Ends of Season at Elo No. 2,Rafael Nadal,ESP,2005-2007,3,Rafael Nadal,ESP,2012-2014,Novak Djokovic,SRB,2017-2019
861,Most Consecutive Ends of Season at Elo No. 3,Ilie Nastase,ROU,1974-1976,3,Boris Becker,GER,1994-1996,Roger Federer,SUI,2018-2020
866,Most Consecutive Ends of Season at Elo Top 20,Jimmy Connors,USA,1972-1991,20,Andre Agassi,USA,1988-2007,Roger Federer,SUI,2001-2020
1110,Most Times at Indoor Elo No. 1,Jimmy Connors,USA,6,6,Boris Becker,GER,6,Roger Federer,SUI,6
1154,Greatest Head-to-Head Matches Winning Pct.,Bjorn Borg,SWE,17-0 vs V. Gerulaitis,100.00%,Ivan Lendl,USA,17-0 vs T. Mayotte,Roger Federer,SUI,17-0 vs D. Ferrer
1176,Most Masters Head-to-Head Finals Won,Rafael Nadal,ESP,vs R. Federer,7,Novak Djokovic,SRB,vs R. Nadal,Rafael Nadal,ESP,vs N. Djokovic
1178,Most ATP 500/CS Head-to-Head Finals Won,Rod Laver,AUS,vs K. Rosewall,5,Bjorn Borg,SWE,vs J. Connors,Rafael Nadal,ESP,vs D. Ferrer
1195,Greatest ATP 500/CS Head-to-Head Finals Winning Pct.,Rod Laver,AUS,5-0 vs K. Rosewall,100.00%,Bjorn Borg,SWE,5-0 vs J. Connors,Rafael Nadal,ESP,5-0 vs D. Ferrer
1202,Greatest Grass Head-to-Head Finals Winning Pct.,Rod Laver,AUS,3-0 vs J. Newcombe,100.00%,Roger Federer,SUI,3-0 vs A. Roddick,Novak Djokovic,SRB,3-0 vs R. Federer
